kind,resource,sheet,flags,verify,subresource
scene,1195,resource-1195-scenes.csv,,yes,
scene,1197,resource-1197-scenes.csv,,yes,
scene,1199,resource-1199-scenes.csv,,yes,
scene,1201,resource-1201-scenes.csv,,yes,
scene,1203,resource-1203-scenes.csv,,yes,
scene,1209,resource-1209-scenes.csv,,yes,
scene,1211,resource-1211-scenes.csv,,yes,
scene,1213,resource-1213-scenes.csv,,yes,
scene,1217,resource-1217-scenes.csv,,yes,
scene,1219,resource-1219-scenes.csv,,yes,
scene,1221,resource-1221-scenes.csv,,yes,
scene,1223,resource-1223-scenes.csv,,yes,
scene,1227,resource-1227-scenes.csv,,yes,
scene,1229,resource-1229-scenes.csv,,yes,
scene,1231,resource-1231-scenes.csv,,yes,
scene,1233,resource-1233-scenes.csv,,yes,
scene,1235,resource-1235-scenes.csv,,yes,
scene,1237,resource-1237-scenes.csv,,yes,
scene,1239,resource-1239-scenes.csv,,yes,
scene,1243,resource-1243-scenes.csv,,yes,
scene,1245,resource-1245-scenes.csv,,yes,
scene,1247,resource-1247-scenes.csv,,yes,
scene,1251,resource-1251-scenes.csv,,yes,
scene,1253,resource-1253-scenes.csv,,yes,
scene,1255,resource-1255-scenes.csv,,yes,
scene,1261,resource-1261-scenes.csv,,yes,
scene,1263,resource-1263-scenes.csv,,yes,
scene,1269,resource-1269-scenes.csv,,yes,
scene,1275,resource-1275-scenes.csv,,yes,
scene,1277,resource-1277-scenes.csv,,yes,
scene,1281,resource-1281-scenes.csv,,yes,
scene,1283,resource-1283-scenes.csv,,yes,
scene,1285,resource-1285-scenes.csv,,yes,
scene,1287,resource-1287-scenes.csv,,yes,
scene,1289,resource-1289-scenes.csv,,yes,
scene,1291,resource-1291-scenes.csv,,yes,
scene,1295,resource-1295-scenes.csv,,yes,
scene,1297,resource-1297-scenes.csv,,yes,
scene,1299,resource-1299-scenes.csv,,yes,
scene,1301,resource-1301-scenes.csv,,yes,
scene,1303,resource-1303-scenes.csv,,yes,
scene,1305,resource-1305-scenes.csv,,yes,
scene,1307,resource-1307-scenes.csv,,yes,
scene,1309,resource-1309-scenes.csv,,yes,
scene,1311,resource-1311-scenes.csv,,yes,
scene,1313,resource-1313-scenes.csv,,yes,
scene,1315,resource-1315-scenes.csv,,yes,
scene,1317,resource-1317-scenes.csv,,yes,
scene,1321,resource-1321-scenes.csv,,yes,
scene,1323,resource-1323-scenes.csv,,yes,
scene,1325,resource-1325-scenes.csv,,yes,
scene,1335,resource-1335-scenes.csv,,yes,
scene,1337,resource-1337-scenes.csv,,yes,
scene,1351,resource-1351-scenes.csv,,yes,
scene,1353,resource-1353-scenes.csv,,yes,
scene,1357,resource-1357-scenes.csv,,yes,
scene,1389,resource-1389-scenes.csv,,yes,
container,10,container-0010.csv,,,
container,641,container-0641.csv,,,
container,643,container-0643.csv,,,
container,644,container-0644.csv,,,
container,645,container-0645.csv,,,
container,647,container-0647.csv,,,
container,649,container-0649.csv,,,
container,650,container-0650.csv,,,
container,1781,container-1781.csv,,,
misc,1781,misc.csv,,,
scene,113,resource-0113-scenes.csv,,yes,
scene,1339,resource-1339-scenes.csv,,yes,
scene,1341,resource-1341-scenes.csv,,yes,
scene,1343,resource-1343-scenes.csv,,yes,
scene,1359,resource-1359-scenes.csv,,yes,
scene,1363,resource-1363-scenes.csv,,yes,
scene,1365,resource-1365-scenes.csv,,yes,
scene,1367,resource-1367-scenes.csv,,yes,
scene,1369,resource-1369-scenes.csv,,yes,
scene,1375,resource-1375-scenes.csv,,yes,
scene,1377,resource-1377-scenes.csv,,yes,
scene,1379,resource-1379-scenes.csv,,yes,
