key,translated,offset_x,notes
battle_target,,,
battle_name_01,,,
battle_name_02,,,
battle_name_03,,,
battle_name_04,,,
battle_name_05,,,
battle_name_06,,,
battle_name_07,,,
battle_name_08,,,
battle_name_09,,,
battle_name_0A,,,
battle_name_0B,,,
battle_name_0C,,,
battle_name_0D,,,
battle_name_0E,,,
battle_name_0F,,,
battle_name_10,,,
battle_name_11,,,
battle_name_12,,,
battle_name_13,,,
battle_name_14,,,
battle_name_15,,,
battle_name_16,,,
battle_name_17,,,
battle_name_18,,,
battle_name_19,,,
battle_name_1A,,,
battle_name_1B,,,
battle_name_1C,,,
battle_name_1D,,,
battle_name_1E,,,
battle_name_1F,,,
battle_name_20,,,
battle_name_21,,,
battle_name_22,,,
battle_name_23,,,
battle_name_24,,,
battle_name_25,,,
battle_name_26,,,
battle_name_27,,,
battle_name_28,,,
battle_name_29,,,
battle_name_2A,,,
battle_name_2B,,,
battle_name_2C,,,
battle_name_2D,,,
battle_name_2E,,,
battle_name_2F,,,
battle_name_30,,,
battle_name_31,,,
battle_name_32,,,
battle_name_33,,,
battle_name_34,,,
battle_name_35,,,
battle_name_36,,,
battle_name_37,,,
battle_status_00,,,
battle_status_01,,,
battle_status_02,,,
battle_status_03,,,
battle_status_04,,,
battle_status_05,,,
battle_status_06,,,
battle_status_07,,,
battle_status_08,,,
battle_status_09,,,
battle_status_0A,,,
battle_status_0B,,,
battle_status_0C,,,
battle_status_0D,,,
battle_status_0E,,,
battle_status_0F,,,
battle_status_10,,,
