map_id,slots,speaker,event,confidence,evidence,notes
b1779-000-0,1779:0:0,,,unmapped,,
b2138-000-0,2138:0:0 2139:0:0,,,unmapped,,
b2138-001-0,2138:1:0 2139:2:0,,,unmapped,,
b2138-002-0,2138:2:0 2142:2:0,,,unmapped,,
b2138-003-0,2138:3:0 2141:3:0,,,unmapped,,
b2138-004-0,2138:4:0,,,unmapped,,
b2138-005-0,2138:5:0 2139:6:0 2140:5:0 2141:5:0 2143:5:0,,,unmapped,,
b2138-006-0,2138:6:0 2141:6:0,,,unmapped,,
b2138-007-0,2138:7:0 2141:7:0,,,unmapped,,
b2139-001-0,2139:1:0,,,unmapped,,
b2139-003-0,2139:3:0 2142:3:0,,,unmapped,,
b2139-004-0,2139:4:0 2143:6:0,,,unmapped,,
b2139-005-0,2139:5:0 2140:4:0,,,unmapped,,
b2139-007-0,2139:7:0 2142:7:0,,,unmapped,,
b2140-000-0,2140:0:0,,,unmapped,,
b2140-001-0,2140:1:0 2141:0:0,,,unmapped,,
b2140-002-0,2140:2:0 2142:1:0,,,unmapped,,
b2140-003-0,2140:3:0 2143:3:0,,,unmapped,,
b2140-006-0,2140:6:0,,,unmapped,,
b2140-007-0,2140:7:0 2143:7:0,,,unmapped,,
b2141-001-0,2141:1:0,,,unmapped,,
b2141-002-0,2141:2:0,,,unmapped,,
b2141-004-0,2141:4:0,,,unmapped,,
b2142-000-0,2142:0:0,,,unmapped,,
b2142-004-0,2142:4:0,,,unmapped,,
b2142-005-0,2142:5:0,,,unmapped,,
b2142-006-0,2142:6:0,,,unmapped,,
b2143-000-0,2143:0:0,,,unmapped,,
b2143-001-0,2143:1:0,,,unmapped,,
b2143-002-0,2143:2:0,,,unmapped,,
b2143-004-0,2143:4:0,,,unmapped,,
b2144-000-0,2144:0:0 2145:0:0 2147:1:0,,,unmapped,,
b2144-001-0,2144:1:0 2145:2:0 2149:0:0,,,unmapped,,
b2144-002-0,2144:2:0 2148:2:0,,,unmapped,,
b2144-003-0,2144:3:0 2147:3:0,,,unmapped,,
b2144-004-0,2144:4:0 2148:4:0,,,unmapped,,
b2144-005-0,2144:5:0 2147:6:0 2149:5:0,,,unmapped,,
b2144-006-0,2144:6:0 2146:6:0 2147:4:0,,,unmapped,,
b2144-007-0,2144:7:0 2147:7:0,,,unmapped,,
b2145-001-0,2145:1:0 2148:0:0,,,unmapped,,
b2145-003-0,2145:3:0 2148:3:0,,,unmapped,,
b2145-004-0,2145:4:0 2149:6:0,,,unmapped,,
b2145-005-0,2145:5:0 2146:4:0 2148:6:0,,,unmapped,,
b2145-006-0,2145:6:0 2146:5:0 2147:5:0 2148:5:0 2149:4:0,,,unmapped,,
b2145-007-0,2145:7:0 2148:7:0,,,unmapped,,
b2146-000-0,2146:0:0 2149:1:0,,,unmapped,,
b2146-001-0,2146:1:0 2147:0:0,,,unmapped,,
b2146-002-0,2146:2:0 2148:1:0,,,unmapped,,
b2146-003-0,2146:3:0 2149:3:0,,,unmapped,,
b2146-007-0,2146:7:0 2149:7:0,,,unmapped,,
b2147-002-0,2147:2:0 2149:2:0,,,unmapped,,
b2150-000-0,2150:0:0 2152:1:0 2153:0:0,,,unmapped,,
b2150-001-0,2150:1:0 2151:1:0 2152:0:0 2153:1:0,,,unmapped,,
b2150-002-0,2150:2:0 2154:2:0 2155:0:0,,,unmapped,,
b2150-003-0,2150:3:0 2153:3:0,,,unmapped,,
b2150-004-0,2150:4:0 2152:6:0 2154:4:0 2155:5:0,,,unmapped,,
b2150-005-0,2150:5:0 2153:6:0,,,unmapped,,
b2150-006-0,2150:6:0 2152:5:0 2153:4:0,,,unmapped,,
b2150-007-0,2150:7:0 2153:7:0,,,unmapped,,
b2151-000-0,2151:0:0 2154:0:0 2155:1:0,,,unmapped,,
b2151-002-0,2151:2:0 2153:2:0 2154:1:0,,,unmapped,,
b2151-003-0,2151:3:0 2154:3:0,,,unmapped,,
b2151-004-0,2151:4:0 2155:6:0,,,unmapped,,
b2151-005-0,2151:5:0 2152:4:0 2154:6:0,,,unmapped,,
b2151-006-0,2151:6:0 2153:5:0 2154:5:0 2155:4:0,,,unmapped,,
b2151-007-0,2151:7:0 2154:7:0,,,unmapped,,
b2152-002-0,2152:2:0 2155:2:0,,,unmapped,,
b2152-003-0,2152:3:0 2155:3:0,,,unmapped,,
b2152-007-0,2152:7:0 2155:7:0,,,unmapped,,
b2156-000-0,2156:0:0 2159:1:0 2160:1:0 2566:0:0 2569:1:0 2570:1:0,,,unmapped,,
b2156-001-0,2156:1:0 2158:0:0 2159:0:0 2160:0:0 2161:1:0 2566:1:0 2568:0:0 2569:0:0 2570:0:0 2571:1:0,,,unmapped,,
b2156-002-0,2156:2:0 2159:2:0 2566:2:0 2569:2:0,,,unmapped,,
b2156-003-0,2156:3:0 2159:5:0 2161:4:0 2566:3:0 2569:5:0 2571:4:0,,,unmapped,,
b2156-004-0,2156:4:0 2157:2:0 2159:4:0 2160:5:0 2566:4:0 2567:2:0 2569:4:0 2570:5:0,,,unmapped,,
b2156-005-0,2156:5:0 2158:4:0 2566:5:0 2568:4:0,,,unmapped,,
b2156-006-0,2156:6:0 2157:5:0 2161:6:0,,,unmapped,,
b2157-000-0,2157:0:0 2161:0:0 2567:0:0 2571:0:0,,,unmapped,,
b2157-001-0,2157:1:0 2160:2:0 2567:1:0 2570:2:0,,,unmapped,,
b2157-003-0,2157:3:0 2159:3:0 2161:3:0 2567:3:0 2569:3:0 2571:3:0,,,unmapped,,
b2157-004-0,2157:4:0 2158:2:0 2160:4:0 2567:4:0 2568:2:0 2570:4:0,,,unmapped,,
b2158-001-0,2158:1:0 2161:2:0 2568:1:0 2571:2:0,,,unmapped,,
b2158-003-0,2158:3:0 2160:3:0 2161:5:0 2568:3:0 2570:3:0 2571:5:0,,,unmapped,,
b2158-005-0,2158:5:0 2159:6:0 2160:6:0,,,unmapped,,
b2162-000-0,2162:0:0 2565:8:0 2584:0:0,,,unmapped,,
b2162-001-0,2162:1:0 2165:2:0 2561:10:0 2565:9:0 2584:1:0 2587:2:0,,,unmapped,,
b2162-002-0,2162:2:0 2164:2:0 2166:2:0 2560:10:0 2562:10:0 2565:10:0 2584:2:0 2586:2:0 2588:2:0,,,unmapped,,
b2162-003-0,2162:3:0 2563:11:0 2565:11:0 2584:3:0 2588:3:0 2589:3:0,,,unmapped,,
b2162-004-0,2162:4:0 2164:6:0 2560:14:0 2562:14:0 2565:12:0 2584:4:0 2586:6:0,,,unmapped,,
b2162-005-0,2162:5:0 2165:4:0 2561:12:0 2565:13:0 2584:5:0 2587:4:0,,,unmapped,,
b2162-006-0,2162:6:0 2164:5:0 2166:4:0 2167:6:0 2560:13:0 2562:13:0 2563:14:0 2565:14:0 2584:6:0 2586:5:0 2588:4:0 2589:6:0,,,unmapped,,
b2162-007-0,2162:7:0 2165:7:0 2561:15:0 2565:15:0 2584:7:0 2587:7:0,,,unmapped,,
b2163-000-0,2163:0:0 2564:8:0 2585:0:0,,,unmapped,,
b2163-001-0,2163:1:0 2167:0:0 2563:8:0 2564:9:0 2585:1:0 2589:0:0,,,unmapped,,
b2163-002-0,2163:2:0 2165:0:0 2561:8:0 2564:10:0 2585:2:0 2587:0:0,,,unmapped,,
b2163-003-0,2163:3:0 2164:3:0 2165:3:0 2561:11:0 2587:3:0,,,unmapped,,
b2163-004-0,2163:4:0 2564:12:0 2585:4:0,,,unmapped,,
b2163-005-0,2163:5:0 2167:5:0 2563:13:0 2564:13:0 2585:5:0 2589:5:0,,,unmapped,,
b2163-006-0,2163:6:0 2166:6:0 2564:14:0 2585:6:0 2588:6:0,,,unmapped,,
b2163-007-0,2163:7:0 2166:7:0 2564:15:0 2585:7:0 2588:7:0,,,unmapped,,
b2164-000-0,2164:0:0 2165:1:0 2167:1:0 2560:8:0 2561:9:0 2562:8:0 2563:9:0 2586:0:0 2587:1:0 2589:1:0,,,unmapped,,
b2164-001-0,2164:1:0 2166:0:0 2560:9:0 2562:9:0 2586:1:0 2588:1:0,,,unmapped,,
b2164-004-0,2164:4:0 2165:6:0 2166:5:0 2560:12:0 2561:14:0 2562:12:0 2586:4:0 2587:6:0 2588:5:0,,,unmapped,,
b2164-007-0,2164:7:0 2167:7:0 2560:15:0 2562:15:0 2563:15:0 2586:7:0 2589:7:0,,,unmapped,,
b2165-005-0,2165:5:0 2167:4:0 2561:13:0 2563:12:0 2587:5:0 2589:4:0,,,unmapped,,
b2166-001-0,2166:1:0 2167:2:0 2563:10:0 2588:0:0 2589:2:0,,,unmapped,,
b2166-003-0,2166:3:0 2564:11:0 2585:3:0,,,unmapped,,
b2167-003-0,2167:3:0 2560:11:0 2562:11:0 2586:3:0,,,unmapped,,
b2168-000-0,2168:0:0 2170:1:0,,,unmapped,,
b2168-001-0,2168:1:0 2171:2:0,,,unmapped,,
b2168-002-0,2168:2:0 2169:1:0 2173:1:0,,,unmapped,,
b2168-003-0,2168:3:0 2170:3:0 2173:3:0,,,unmapped,,
b2168-004-0,2168:4:0,,,unmapped,,
b2168-005-0,2168:5:0 2169:6:0 2171:6:0 2172:4:0,,,unmapped,,
b2168-006-0,2168:6:0 2170:6:0 2173:6:0,,,unmapped,,
b2168-007-0,2168:7:0 2171:7:0,,,unmapped,,
b2169-000-0,2169:0:0 2172:1:0,,,unmapped,,
b2169-002-0,2169:2:0 2171:1:0 2172:2:0 2173:2:0,,,unmapped,,
b2169-003-0,2169:3:0 2171:3:0,,,unmapped,,
b2169-004-0,2169:4:0 2172:5:0 2173:5:0,,,unmapped,,
b2169-005-0,2169:5:0 2171:4:0,,,unmapped,,
b2169-007-0,2169:7:0 2172:7:0,,,unmapped,,
b2170-000-0,2170:0:0 2173:0:0,,,unmapped,,
b2170-002-0,2170:2:0 2172:0:0,,,unmapped,,
b2170-004-0,2170:4:0 2171:5:0,,,unmapped,,
b2170-005-0,2170:5:0 2172:6:0 2173:4:0,,,unmapped,,
b2170-007-0,2170:7:0 2173:7:0,,,unmapped,,
b2171-000-0,2171:0:0,,,unmapped,,
b2172-003-0,2172:3:0,,,unmapped,,
b2174-000-0,2174:0:0,,,unmapped,,
b2174-001-0,2174:1:0,,,unmapped,,
b2174-002-0,2174:2:0 2176:1:0 2177:2:0,,,unmapped,,
b2174-003-0,2174:3:0 2178:3:0,,,unmapped,,
b2174-004-0,2174:4:0,,,unmapped,,
b2174-005-0,2174:5:0 2177:4:0,,,unmapped,,
b2174-006-0,2174:6:0 2178:6:0,,,unmapped,,
b2174-007-0,2174:7:0 2179:7:0,,,unmapped,,
b2175-000-0,2175:0:0 2178:1:0,,,unmapped,,
b2175-001-0,2175:1:0 2176:0:0,,,unmapped,,
b2175-002-0,2175:2:0 2179:2:0,,,unmapped,,
b2175-003-0,2175:3:0 2177:3:0,,,unmapped,,
b2175-004-0,2175:4:0 2176:6:0 2179:6:0,,,unmapped,,
b2175-005-0,2175:5:0 2177:5:0,,,unmapped,,
b2175-006-0,2175:6:0 2178:5:0,,,unmapped,,
b2175-007-0,2175:7:0 2177:7:0,,,unmapped,,
b2176-002-0,2176:2:0 2179:1:0,,,unmapped,,
b2176-003-0,2176:3:0 2179:3:0,,,unmapped,,
b2176-004-0,2176:4:0,,,unmapped,,
b2176-005-0,2176:5:0 2177:6:0,,,unmapped,,
b2176-007-0,2176:7:0 2178:7:0,,,unmapped,,
b2177-000-0,2177:0:0,,,unmapped,,
b2177-001-0,2177:1:0 2178:0:0,,,unmapped,,
b2178-002-0,2178:2:0,,,unmapped,,
b2178-004-0,2178:4:0,,,unmapped,,
b2179-000-0,2179:0:0,,,unmapped,,
b2179-004-0,2179:4:0,,,unmapped,,
b2179-005-0,2179:5:0,,,unmapped,,
b2180-000-0,2180:0:0 2560:0:0 2584:8:0,,,unmapped,,
b2180-001-0,2180:1:0 2181:2:0 2184:2:0 2560:1:0 2561:0:0 2564:2:0 2584:9:0 2585:8:0 2588:10:0,,,unmapped,,
b2180-002-0,2180:2:0 2185:1:0 2560:2:0 2565:2:0 2584:10:0 2589:9:0,,,unmapped,,
b2180-003-0,2180:3:0 2183:3:0 2560:3:0 2563:3:0 2584:11:0 2587:11:0,,,unmapped,,
b2180-004-0,2180:4:0 2181:5:0 2560:4:0 2561:5:0 2584:12:0 2585:13:0,,,unmapped,,
b2180-005-0,2180:5:0 2183:5:0 2185:4:0 2560:5:0 2563:5:0 2565:4:0 2584:13:0 2587:13:0 2589:12:0,,,unmapped,,
b2180-006-0,2180:6:0 2182:6:0 2184:4:0 2560:6:0 2562:6:0 2564:4:0 2584:14:0 2586:14:0 2588:12:0,,,unmapped,,
b2180-007-0,2180:7:0 2184:7:0 2560:7:0 2564:7:0 2584:15:0,,,unmapped,,
b2181-000-0,2181:0:0 2185:0:0 2561:1:0 2565:0:0 2585:9:0 2589:8:0,,,unmapped,,
b2181-001-0,2181:1:0 2183:2:0 2561:2:0 2563:2:0 2585:10:0 2587:10:0,,,unmapped,,
b2181-003-0,2181:3:0 2185:3:0 2561:3:0 2565:3:0 2585:11:0,,,unmapped,,
b2181-004-0,2181:4:0 2561:4:0 2585:12:0,,,unmapped,,
b2181-006-0,2181:6:0 2184:5:0 2561:6:0 2564:5:0 2585:14:0 2588:13:0,,,unmapped,,
b2181-007-0,2181:7:0 2183:7:0 2561:7:0 2563:7:0 2585:15:0 2587:15:0 2588:15:0 2589:15:0,,,unmapped,,
b2182-000-0,2182:0:0 2562:0:0 2586:8:0,,,unmapped,,
b2182-001-0,2182:1:0 2184:0:0 2562:1:0 2564:0:0 2586:9:0 2588:8:0,,,unmapped,,
b2182-002-0,2182:2:0 2562:2:0 2586:10:0,,,unmapped,,
b2182-003-0,2182:3:0 2184:3:0 2562:3:0 2564:3:0 2586:11:0 2588:11:0 2589:11:0,,,unmapped,,
b2182-004-0,2182:4:0 2185:5:0 2562:4:0 2565:5:0 2586:12:0 2589:13:0,,,unmapped,,
b2182-005-0,2182:5:0 2185:6:0 2562:5:0 2565:6:0 2586:13:0 2589:14:0,,,unmapped,,
b2182-007-0,2182:7:0 2185:7:0 2562:7:0 2565:7:0 2586:15:0,,,unmapped,,
b2183-000-0,2183:0:0 2563:0:0 2587:8:0,,,unmapped,,
b2183-001-0,2183:1:0 2185:2:0 2563:1:0 2565:1:0 2587:9:0 2589:10:0,,,unmapped,,
b2183-004-0,2183:4:0 2563:4:0 2587:12:0,,,unmapped,,
b2183-006-0,2183:6:0 2563:6:0 2587:14:0,,,unmapped,,
b2184-001-0,2184:1:0 2564:1:0 2588:9:0,,,unmapped,,
b2184-006-0,2184:6:0 2564:6:0 2588:14:0,,,unmapped,,
b2186-000-0,2186:0:0 2189:0:0,,,unmapped,,
b2186-001-0,2186:1:0 2188:0:0 2190:2:0 2191:0:0,,,unmapped,,
b2186-002-0,2186:2:0 2188:2:0 2189:2:0 2191:1:0,,,unmapped,,
b2186-003-0,2186:3:0 2189:3:0,,,unmapped,,
b2186-004-0,2186:4:0 2187:5:0 2190:4:0,,,unmapped,,
b2186-005-0,2186:5:0 2188:5:0 2189:6:0 2191:6:0,,,unmapped,,
b2186-006-0,2186:6:0 2188:6:0 2189:5:0 2191:4:0,,,unmapped,,
b2186-007-0,2186:7:0 2189:7:0,,,unmapped,,
b2187-000-0,2187:0:0 2190:1:0,,,unmapped,,
b2187-001-0,2187:1:0 2188:1:0 2190:0:0,,,unmapped,,
b2187-002-0,2187:2:0 2189:1:0 2191:2:0,,,unmapped,,
b2187-003-0,2187:3:0 2190:3:0,,,unmapped,,
b2187-004-0,2187:4:0 2190:6:0,,,unmapped,,
b2187-006-0,2187:6:0 2188:4:0 2190:5:0 2191:5:0,,,unmapped,,
b2187-007-0,2187:7:0 2190:7:0,,,unmapped,,
b2188-003-0,2188:3:0 2191:3:0,,,unmapped,,
b2188-007-0,2188:7:0 2191:7:0,,,unmapped,,
b2189-004-0,2189:4:0,,,unmapped,,
b2192-000-0,2192:0:0 2195:1:0 2196:0:0,,,unmapped,,
b2192-001-0,2192:1:0 2195:0:0 2197:1:0,,,unmapped,,
b2192-002-0,2192:2:0 2194:1:0 2195:2:0 2196:2:0,,,unmapped,,
b2192-003-0,2192:3:0 2195:3:0,,,unmapped,,
b2192-004-0,2192:4:0 2196:5:0,,,unmapped,,
b2192-005-0,2192:5:0 2193:4:0 2194:5:0 2196:6:0 2197:4:0,,,unmapped,,
b2192-006-0,2192:6:0 2195:5:0 2196:4:0,,,unmapped,,
b2192-007-0,2192:7:0 2195:7:0,,,unmapped,,
b2193-000-0,2193:0:0 2194:2:0 2197:0:0,,,unmapped,,
b2193-001-0,2193:1:0 2194:0:0 2196:1:0,,,unmapped,,
b2193-002-0,2193:2:0 2197:2:0,,,unmapped,,
b2193-003-0,2193:3:0 2196:3:0,,,unmapped,,
b2193-005-0,2193:5:0 2194:6:0 2195:4:0,,,unmapped,,
b2193-006-0,2193:6:0 2195:6:0 2197:6:0,,,unmapped,,
b2193-007-0,2193:7:0 2196:7:0,,,unmapped,,
b2194-003-0,2194:3:0 2197:3:0,,,unmapped,,
b2194-004-0,2194:4:0 2197:5:0,,,unmapped,,
b2194-007-0,2194:7:0 2197:7:0,,,unmapped,,
b2198-000-0,2198:0:0,,,unmapped,,
b2198-001-0,2198:1:0,,,unmapped,,
b2198-002-0,2198:2:0,,,unmapped,,
b2198-003-0,2198:3:0,,,unmapped,,
b2198-004-0,2198:4:0,,,unmapped,,
b2198-005-0,2198:5:0 2201:6:0,,,unmapped,,
b2198-006-0,2198:6:0 2200:6:0,,,unmapped,,
b2198-007-0,2198:7:0 2201:7:0,,,unmapped,,
b2199-000-0,2199:0:0,,,unmapped,,
b2199-001-0,2199:1:0,,,unmapped,,
b2199-002-0,2199:2:0,,,unmapped,,
b2199-003-0,2199:3:0,,,unmapped,,
b2199-004-0,2199:4:0,,,unmapped,,
b2199-005-0,2199:5:0 2202:4:0,,,unmapped,,
b2199-006-0,2199:6:0 2202:6:0,,,unmapped,,
b2199-007-0,2199:7:0 2202:7:0,,,unmapped,,
b2200-000-0,2200:0:0,,,unmapped,,
b2200-001-0,2200:1:0 2202:0:0,,,unmapped,,
b2200-002-0,2200:2:0,,,unmapped,,
b2200-003-0,2200:3:0,,,unmapped,,
b2200-004-0,2200:4:0,,,unmapped,,
b2200-005-0,2200:5:0 2202:5:0,,,unmapped,,
b2200-007-0,2200:7:0 2203:7:0,,,unmapped,,
b2201-000-0,2201:0:0,,,unmapped,,
b2201-001-0,2201:1:0,,,unmapped,,
b2201-002-0,2201:2:0,,,unmapped,,
b2201-003-0,2201:3:0,,,unmapped,,
b2201-004-0,2201:4:0,,,unmapped,,
b2201-005-0,2201:5:0,,,unmapped,,
b2202-001-0,2202:1:0,,,unmapped,,
b2202-002-0,2202:2:0,,,unmapped,,
b2202-003-0,2202:3:0,,,unmapped,,
b2203-000-0,2203:0:0,,,unmapped,,
b2203-001-0,2203:1:0,,,unmapped,,
b2203-002-0,2203:2:0,,,unmapped,,
b2203-003-0,2203:3:0,,,unmapped,,
b2203-004-0,2203:4:0,,,unmapped,,
b2203-005-0,2203:5:0,,,unmapped,,
b2203-006-0,2203:6:0,,,unmapped,,
b2204-000-0,2204:0:0 2209:0:0,,,unmapped,,
b2204-001-0,2204:1:0 2208:1:0,,,unmapped,,
b2204-002-0,2204:2:0 2207:2:0,,,unmapped,,
b2204-003-0,2204:3:0 2207:3:0,,,unmapped,,
b2204-004-0,2204:4:0 2209:5:0,,,unmapped,,
b2204-005-0,2204:5:0 2207:6:0 2208:5:0,,,unmapped,,
b2204-006-0,2204:6:0 2209:6:0,,,unmapped,,
b2204-007-0,2204:7:0 2207:7:0,,,unmapped,,
b2205-000-0,2205:0:0 2209:1:0,,,unmapped,,
b2205-001-0,2205:1:0 2206:2:0,,,unmapped,,
b2205-002-0,2205:2:0 2208:2:0,,,unmapped,,
b2205-003-0,2205:3:0 2208:3:0,,,unmapped,,
b2205-004-0,2205:4:0,,,unmapped,,
b2205-005-0,2205:5:0 2208:4:0,,,unmapped,,
b2205-006-0,2205:6:0,,,unmapped,,
b2205-007-0,2205:7:0 2208:7:0,,,unmapped,,
b2206-000-0,2206:0:0,,,unmapped,,
b2206-001-0,2206:1:0 2209:2:0,,,unmapped,,
b2206-003-0,2206:3:0 2209:3:0,,,unmapped,,
b2206-004-0,2206:4:0,,,unmapped,,
b2206-005-0,2206:5:0 2207:5:0,,,unmapped,,
b2206-006-0,2206:6:0,,,unmapped,,
b2206-007-0,2206:7:0 2209:7:0,,,unmapped,,
b2207-000-0,2207:0:0,,,unmapped,,
b2207-001-0,2207:1:0,,,unmapped,,
b2207-004-0,2207:4:0,,,unmapped,,
b2208-000-0,2208:0:0,,,unmapped,,
b2208-006-0,2208:6:0 2209:4:0,,,unmapped,,
b2210-000-0,2210:0:0 2212:0:0 2214:1:0 2215:0:0 2516:0:0 2517:0:0 2519:0:0 2520:0:0,,,unmapped,,
b2210-001-0,2210:1:0 2211:0:0 2212:1:0 2213:1:0 2214:0:0 2516:1:0 2517:1:0 2518:0:0 2520:1:0,,,unmapped,,
b2210-002-0,2210:2:0 2211:1:0 2213:2:0 2215:1:0 2519:1:0 2521:1:0,,,unmapped,,
b2210-003-0,2210:3:0 2212:3:0 2214:3:0,,,unmapped,,
b2210-004-0,2210:4:0 2211:4:0 2212:4:0 2213:4:0 2214:4:0 2215:4:0 2516:4:0 2518:4:0 2519:4:0 2520:5:0 2521:4:0,,,unmapped,,
b2210-005-0,2210:5:0 2211:5:0 2212:5:0 2213:5:0 2214:5:0 2215:5:0 2516:5:0 2517:4:0 2518:5:0 2519:5:0 2520:4:0,,,unmapped,,
b2210-006-0,2210:6:0 2211:6:0 2212:6:0 2213:6:0 2214:6:0 2215:6:0 2517:5:0 2519:6:0 2520:6:0 2521:5:0,,,unmapped,,
b2210-007-0,2210:7:0 2212:7:0 2214:7:0 2516:7:0 2518:7:0 2520:7:0,,,unmapped,,
b2211-002-0,2211:2:0 2212:2:0 2213:0:0 2214:2:0 2215:2:0 2517:2:0 2518:1:0 2521:0:0,,,unmapped,,
b2211-003-0,2211:3:0 2213:3:0 2215:3:0,,,unmapped,,
b2211-007-0,2211:7:0 2213:7:0 2215:7:0 2517:7:0 2519:7:0 2521:7:0,,,unmapped,,
b2216-000-0,2216:0:0 2219:0:0 2221:0:0 2246:0:0 2247:0:0 2250:0:0 2342:0:0 2345:0:0 2347:0:0 2348:0:0 2351:0:0 2353:0:0 2356:0:0 2358:0:0 2359:0:0,,,unmapped,,
b2216-001-0,2216:1:0 2217:0:0 2220:1:0 2221:1:0 2246:1:0 2247:1:0 2249:1:0 2251:0:0 2342:1:0 2343:1:0 2345:1:0 2346:0:0 2349:1:0 2350:0:0 2353:1:0 2354:0:0 2355:1:0 2356:1:0 2359:1:0,,,unmapped,,
b2216-002-0,2216:2:0 2217:1:0 2218:0:0 2246:2:0 2248:0:0 2251:1:0 2342:2:0 2344:0:0 2346:1:0 2350:1:0 2352:0:0 2353:2:0 2354:1:0 2357:0:0 2359:2:0,,,unmapped,,
b2216-003-0,2216:3:0 2219:3:0 2250:3:0 2345:3:0 2348:3:0 2351:3:0 2355:3:0 2358:3:0,,,unmapped,,
b2216-004-0,2216:4:0 2217:4:0 2218:4:0 2246:4:0 2248:4:0 2251:4:0 2342:4:0 2343:4:0 2344:4:0 2350:4:0 2351:4:0 2353:4:0 2354:4:0 2359:4:0,,,unmapped,,
b2216-005-0,2216:5:0 2219:5:0 2220:4:0 2221:5:0 2246:5:0 2247:5:0 2249:4:0 2250:5:0 2342:5:0 2345:5:0 2346:4:0 2347:5:0 2348:4:0 2349:5:0 2352:5:0 2353:5:0 2355:4:0 2356:5:0 2357:5:0 2358:5:0,,,unmapped,,
b2216-006-0,2216:6:0 2218:5:0 2219:4:0 2246:6:0 2248:5:0 2250:4:0 2342:6:0 2344:5:0 2345:4:0 2349:4:0 2351:5:0 2352:4:0 2353:6:0 2356:4:0 2357:4:0 2359:5:0,,,unmapped,,
b2216-007-0,2216:7:0 2250:7:0 2343:7:0 2346:7:0 2350:7:0 2353:7:0 2355:7:0 2357:7:0,,,unmapped,,
b2217-002-0,2217:2:0 2219:1:0 2220:2:0 2249:2:0 2250:1:0 2251:2:0 2343:2:0 2346:2:0 2347:1:0 2348:1:0 2349:2:0 2350:2:0 2351:1:0 2354:2:0 2355:2:0 2358:1:0,,,unmapped,,
b2217-003-0,2217:3:0 2220:3:0 2249:3:0 2251:3:0 2343:3:0 2349:3:0 2350:3:0 2356:3:0 2359:3:0,,,unmapped,,
b2217-005-0,2217:5:0 2219:6:0 2220:5:0 2249:5:0 2251:5:0 2343:5:0 2345:6:0 2346:5:0 2348:5:0 2349:6:0 2350:5:0 2352:6:0 2354:5:0 2355:5:0 2356:6:0 2357:6:0,,,unmapped,,
b2217-006-0,2217:6:0 2221:4:0 2247:4:0 2251:6:0 2343:6:0 2347:4:0 2350:6:0 2354:6:0 2358:4:0,,,unmapped,,
b2217-007-0,2217:7:0 2220:7:0 2221:7:0 2249:7:0 2251:7:0 2345:7:0 2347:7:0 2351:7:0 2354:7:0 2358:7:0 2359:7:0,,,unmapped,,
b2218-001-0,2218:1:0 2220:0:0 2221:2:0 2247:2:0 2248:1:0 2249:0:0 2343:0:0 2344:1:0 2345:2:0 2347:2:0 2349:0:0 2351:2:0 2352:1:0 2355:0:0 2356:2:0 2357:1:0 2358:2:0,,,unmapped,,
b2218-002-0,2218:2:0 2219:2:0 2248:2:0 2250:2:0 2344:2:0 2348:2:0 2352:2:0 2357:2:0,,,unmapped,,
b2218-003-0,2218:3:0 2221:3:0 2246:3:0 2247:3:0 2248:3:0 2347:3:0 2352:3:0 2353:3:0 2354:3:0 2357:3:0,,,unmapped,,
b2218-006-0,2218:6:0 2220:6:0 2221:6:0 2248:6:0 2249:6:0 2344:6:0 2346:6:0 2347:6:0 2348:6:0 2351:6:0 2355:6:0 2358:6:0 2359:6:0,,,unmapped,,
b2218-007-0,2218:7:0 2246:7:0 2247:7:0 2248:7:0 2342:7:0 2344:7:0 2348:7:0 2349:7:0 2352:7:0 2356:7:0,,,unmapped,,
b2219-007-0,2219:7:0,,,unmapped,,
b2222-000-0,2222:0:0 2225:1:0 2230:1:0 2232:1:0 2233:0:0 2252:0:0 2255:1:0 2360:1:0 2361:0:0 2362:1:0 2378:1:0 2379:0:0 2380:1:0,,,unmapped,,
b2222-001-0,2222:1:0 2223:0:0 2227:0:0 2228:0:0 2229:0:0 2233:1:0 2252:1:0 2253:0:0 2257:0:0 2361:1:0 2363:0:0 2365:0:0 2379:1:0 2381:0:0 2383:0:0,,,unmapped,,
b2222-002-0,2222:2:0 2223:1:0 2224:0:0 2226:1:0 2228:1:0 2231:1:0 2233:2:0 2252:2:0 2253:1:0 2254:0:0 2256:1:0 2361:2:0 2363:1:0 2364:1:0 2379:2:0 2381:1:0 2382:1:0,,,unmapped,,
b2222-003-0,2222:3:0 2225:3:0 2230:3:0 2232:3:0 2233:3:0 2253:3:0 2256:3:0 2362:3:0 2365:3:0 2380:3:0 2383:3:0,,,unmapped,,
b2222-004-0,2222:4:0 2225:4:0 2227:6:0 2228:4:0 2229:6:0 2233:4:0 2252:4:0 2255:4:0 2257:6:0 2363:6:0 2364:4:0 2365:4:0 2381:6:0 2382:4:0 2383:4:0,,,unmapped,,
b2222-005-0,2222:5:0 2224:5:0 2227:4:0 2228:5:0 2229:4:0 2232:5:0 2252:5:0 2254:5:0 2257:4:0 2361:5:0 2363:4:0 2364:5:0 2379:5:0 2381:4:0 2382:5:0,,,unmapped,,
b2222-006-0,2222:6:0 2224:4:0 2225:5:0 2226:5:0 2228:6:0 2230:5:0 2232:4:0 2233:5:0 2252:6:0 2254:4:0 2255:5:0 2256:5:0 2361:4:0 2362:5:0 2364:6:0 2365:5:0 2379:4:0 2380:5:0 2382:6:0 2383:5:0,,,unmapped,,
b2222-007-0,2222:7:0 2228:7:0 2231:7:0 2253:7:0 2257:7:0 2360:7:0 2378:7:0,,,unmapped,,
b2223-002-0,2223:2:0 2225:0:0 2227:1:0 2228:2:0 2229:1:0 2230:0:0 2232:0:0 2253:2:0 2255:0:0 2257:1:0 2360:0:0 2362:0:0 2363:2:0 2365:1:0 2378:0:0 2380:0:0 2381:2:0 2383:1:0,,,unmapped,,
b2223-003-0,2223:3:0 2226:3:0 2228:3:0 2231:3:0 2254:3:0 2257:3:0 2360:3:0 2363:3:0 2378:3:0 2381:3:0,,,unmapped,,
b2223-004-0,2223:4:0 2225:6:0 2226:4:0 2230:4:0 2231:4:0 2233:6:0 2253:4:0 2255:6:0 2256:4:0 2360:4:0 2362:4:0 2365:6:0 2378:4:0 2380:4:0 2383:6:0,,,unmapped,,
b2223-005-0,2223:5:0 2224:6:0 2227:5:0 2229:5:0 2231:5:0 2232:6:0 2253:5:0 2254:6:0 2257:5:0 2360:5:0 2361:6:0 2363:5:0 2378:5:0 2379:6:0 2381:5:0,,,unmapped,,
b2223-006-0,2223:6:0 2226:6:0 2230:6:0 2231:6:0 2253:6:0 2256:6:0 2360:6:0 2362:6:0 2378:6:0 2380:6:0,,,unmapped,,
b2223-007-0,2223:7:0 2226:7:0 2232:7:0 2233:7:0 2254:7:0 2255:7:0 2361:7:0 2363:7:0 2365:7:0 2379:7:0 2381:7:0 2383:7:0,,,unmapped,,
b2224-001-0,2224:1:0 2225:2:0 2226:0:0 2230:2:0 2231:0:0 2232:2:0 2254:1:0 2255:2:0 2256:0:0 2360:2:0 2362:2:0 2364:0:0 2378:2:0 2380:2:0 2382:0:0,,,unmapped,,
b2224-002-0,2224:2:0 2226:2:0 2227:2:0 2229:2:0 2231:2:0 2254:2:0 2256:2:0 2257:2:0 2364:2:0 2365:2:0 2382:2:0 2383:2:0,,,unmapped,,
b2224-003-0,2224:3:0 2227:3:0 2229:3:0 2252:3:0 2255:3:0 2361:3:0 2364:3:0 2379:3:0 2382:3:0,,,unmapped,,
b2224-007-0,2224:7:0 2225:7:0 2227:7:0 2229:7:0 2230:7:0 2252:7:0 2256:7:0 2362:7:0 2364:7:0 2380:7:0 2382:7:0,,,unmapped,,
b2234-000-0,2234:0:0 2237:1:0 2238:0:0 2264:0:0 2267:1:0 2268:0:0 2270:0:0 2273:1:0 2274:0:0 2337:1:0 2338:0:0 2341:0:0 2367:1:0 2368:0:0 2371:0:0,,,unmapped,,
b2234-001-0,2234:1:0 2239:0:0 2264:1:0 2269:0:0 2270:1:0 2275:0:0 2338:1:0 2339:0:0 2368:1:0 2369:0:0,,,unmapped,,
b2234-002-0,2234:2:0 2235:0:0 2236:1:0 2237:2:0 2239:2:0 2264:2:0 2265:0:0 2266:1:0 2267:2:0 2269:2:0 2270:2:0 2271:0:0 2272:1:0 2273:2:0 2275:2:0 2336:1:0 2337:2:0 2338:2:0 2339:2:0 2340:0:0 2366:1:0 2369:2:0 2370:0:0,,,unmapped,,
b2234-003-0,2234:3:0 2237:3:0 2265:3:0 2268:3:0 2270:3:0 2273:3:0 2337:3:0 2340:3:0 2367:3:0 2370:3:0,,,unmapped,,
b2234-004-0,2234:4:0 2237:4:0 2265:4:0 2266:4:0 2270:4:0 2273:4:0 2339:4:0 2341:4:0 2369:4:0 2371:4:0,,,unmapped,,
b2234-005-0,2234:5:0 2235:4:0 2238:5:0 2239:4:0 2266:5:0 2267:5:0 2268:4:0 2269:4:0 2270:5:0 2271:4:0 2274:5:0 2275:4:0 2336:4:0 2338:5:0 2339:5:0 2340:4:0 2366:4:0 2368:5:0 2369:5:0 2370:4:0,,,unmapped,,
b2234-006-0,2234:6:0 2235:5:0 2236:4:0 2238:4:0 2264:4:0 2266:6:0 2267:4:0 2269:5:0 2270:6:0 2271:5:0 2272:4:0 2274:4:0 2336:5:0 2337:4:0 2338:4:0 2339:6:0 2366:5:0 2367:4:0 2368:4:0 2369:6:0,,,unmapped,,
b2234-007-0,2234:7:0 2237:7:0 2265:7:0 2268:7:0 2270:7:0 2273:7:0 2337:7:0 2340:7:0 2366:7:0 2370:7:0,,,unmapped,,
b2235-001-0,2235:1:0 2237:0:0 2239:1:0 2265:1:0 2267:0:0 2269:1:0 2271:1:0 2273:0:0 2275:1:0 2337:0:0 2339:1:0 2340:1:0 2367:0:0 2369:1:0 2370:1:0,,,unmapped,,
b2235-002-0,2235:2:0 2236:2:0 2238:2:0 2265:2:0 2266:2:0 2268:2:0 2271:2:0 2272:2:0 2274:2:0 2336:2:0 2340:2:0 2341:2:0 2366:2:0 2371:2:0,,,unmapped,,
b2235-003-0,2235:3:0 2238:3:0 2266:3:0 2269:3:0 2271:3:0 2274:3:0 2338:3:0 2341:3:0 2368:3:0 2371:3:0,,,unmapped,,
b2235-006-0,2235:6:0 2237:6:0 2239:6:0 2265:6:0 2268:6:0 2269:6:0 2271:6:0 2273:6:0 2275:6:0 2336:6:0 2340:6:0 2341:6:0 2366:6:0 2370:6:0 2371:6:0,,,unmapped,,
b2235-007-0,2235:7:0 2238:7:0 2266:7:0 2269:7:0 2271:7:0 2274:7:0 2338:7:0 2341:7:0 2367:7:0 2371:7:0,,,unmapped,,
b2236-000-0,2236:0:0 2238:1:0 2266:0:0 2268:1:0 2272:0:0 2274:1:0 2336:0:0 2341:1:0 2366:0:0 2371:1:0,,,unmapped,,
b2236-003-0,2236:3:0 2239:3:0 2264:3:0 2267:3:0 2272:3:0 2275:3:0 2336:3:0 2339:3:0 2366:3:0 2369:3:0,,,unmapped,,
b2236-005-0,2236:5:0 2239:5:0 2264:5:0 2268:5:0 2272:5:0 2275:5:0 2337:5:0 2340:5:0 2367:5:0 2370:5:0,,,unmapped,,
b2236-006-0,2236:6:0 2237:5:0 2238:6:0 2264:6:0 2265:5:0 2267:6:0 2272:6:0 2273:5:0 2274:6:0 2337:6:0 2338:6:0 2341:5:0 2367:6:0 2368:6:0 2371:5:0,,,unmapped,,
b2236-007-0,2236:7:0 2239:7:0 2264:7:0 2267:7:0 2272:7:0 2275:7:0 2336:7:0 2339:7:0 2368:7:0 2369:7:0,,,unmapped,,
b2240-000-0,2240:0:0 2243:0:0 2258:0:0 2261:0:0 2372:0:0 2377:0:0 2384:0:0 2389:0:0,,,unmapped,,
b2240-001-0,2240:1:0 2242:0:0 2244:1:0 2245:0:0 2258:1:0 2260:0:0 2262:1:0 2263:0:0 2373:1:0 2374:0:0 2375:0:0 2377:1:0 2385:1:0 2386:0:0 2387:0:0 2389:1:0,,,unmapped,,
b2240-002-0,2240:2:0 2242:1:0 2243:1:0 2244:2:0 2258:2:0 2260:1:0 2261:1:0 2262:2:0 2372:1:0 2373:2:0 2375:1:0 2377:2:0 2384:1:0 2385:2:0 2387:1:0 2389:2:0,,,unmapped,,
b2240-003-0,2240:3:0 2243:3:0 2259:3:0 2375:3:0 2387:3:0,,,unmapped,,
b2240-004-0,2240:4:0 2244:5:0 2258:4:0 2262:5:0 2372:5:0 2374:4:0 2384:5:0 2386:4:0,,,unmapped,,
b2240-005-0,2240:5:0 2241:4:0 2243:4:0 2258:5:0 2259:4:0 2261:4:0 2374:5:0 2375:4:0 2377:4:0 2386:5:0 2387:4:0 2389:4:0,,,unmapped,,
b2240-006-0,2240:6:0 2241:5:0 2242:4:0 2245:5:0 2259:5:0 2260:4:0 2263:5:0 2373:4:0 2374:6:0 2376:5:0 2377:5:0 2385:4:0 2386:6:0 2388:5:0 2389:5:0,,,unmapped,,
b2240-007-0,2240:7:0 2243:7:0 2259:7:0 2262:7:0 2373:7:0 2376:7:0 2385:7:0 2388:7:0,,,unmapped,,
b2241-000-0,2241:0:0 2244:0:0 2245:1:0 2259:0:0 2262:0:0 2263:1:0 2373:0:0 2374:1:0 2376:0:0 2385:0:0 2386:1:0 2388:0:0,,,unmapped,,
b2241-001-0,2241:1:0 2243:2:0 2245:2:0 2259:1:0 2261:2:0 2263:2:0 2372:2:0 2374:2:0 2376:1:0 2384:2:0 2386:2:0 2388:1:0,,,unmapped,,
b2241-002-0,2241:2:0 2242:2:0 2259:2:0 2260:2:0 2375:2:0 2376:2:0 2387:2:0 2388:2:0,,,unmapped,,
b2241-003-0,2241:3:0 2244:3:0 2260:3:0 2372:3:0 2376:3:0 2384:3:0 2388:3:0,,,unmapped,,
b2241-006-0,2241:6:0 2242:5:0 2243:5:0 2244:4:0 2259:6:0 2260:5:0 2261:5:0 2262:4:0 2372:4:0 2373:5:0 2375:5:0 2377:6:0 2384:4:0 2385:5:0 2387:5:0 2389:6:0,,,unmapped,,
b2241-007-0,2241:7:0 2244:7:0 2260:7:0 2263:7:0 2372:7:0 2375:7:0 2384:7:0 2387:7:0,,,unmapped,,
b2242-003-0,2242:3:0 2245:3:0 2261:3:0 2373:3:0 2374:3:0 2377:3:0 2385:3:0 2386:3:0 2389:3:0,,,unmapped,,
b2242-006-0,2242:6:0 2244:6:0 2245:6:0 2260:6:0 2372:6:0 2373:6:0 2376:6:0 2384:6:0 2385:6:0 2388:6:0,,,unmapped,,
b2242-007-0,2242:7:0 2245:7:0 2258:7:0 2261:7:0 2374:7:0 2377:7:0 2386:7:0 2389:7:0,,,unmapped,,
b2243-006-0,2243:6:0 2245:4:0 2261:6:0 2263:4:0 2375:6:0 2376:4:0 2387:6:0 2388:4:0,,,unmapped,,
b2247-006-0,2247:6:0 2250:6:0,,,unmapped,,
b2258-003-0,2258:3:0 2262:3:0 2263:3:0,,,unmapped,,
b2258-006-0,2258:6:0 2262:6:0 2263:6:0,,,unmapped,,
b2276-000-0,2276:0:0 2280:0:0 2306:0:0 2310:0:0 2311:2:0 2393:0:0 2394:2:0 2395:0:0 2402:2:0 2403:0:0 2404:0:0 2435:1:0 2437:0:0 2450:1:0 2451:0:0 2452:1:0,,,unmapped,,
b2276-001-0,2276:1:0 2277:0:0 2279:1:0 2306:1:0 2307:0:0 2309:1:0 2390:0:0 2391:1:0 2393:1:0 2403:1:0 2405:1:0 2406:0:0 2407:0:0 2432:0:0 2435:0:0 2436:1:0 2437:1:0 2451:1:0 2453:0:0 2455:0:0,,,unmapped,,
b2276-002-0,2276:2:0 2277:1:0 2279:0:0 2280:1:0 2281:0:0 2306:2:0 2307:1:0 2309:0:0 2310:1:0 2390:1:0 2391:0:0 2393:2:0 2395:1:0 2403:2:0 2404:1:0 2405:0:0 2406:1:0 2407:1:0 2432:1:0 2433:1:0 2434:0:0 2436:0:0 2437:2:0 2451:2:0 2453:1:0 2454:1:0,,,unmapped,,
b2276-003-0,2276:3:0 2279:3:0 2306:3:0 2309:3:0 2391:3:0 2393:3:0 2406:3:0 2407:3:0 2434:3:0 2437:3:0 2452:3:0 2455:3:0,,,unmapped,,
b2276-004-0,2276:4:0 2278:4:0 2306:4:0 2308:4:0 2393:4:0 2394:4:0 2403:4:0 2405:4:0 2432:5:0 2434:4:0 2436:4:0 2453:6:0 2454:4:0 2455:4:0,,,unmapped,,
b2276-005-0,2276:5:0 2277:4:0 2279:4:0 2306:5:0 2307:4:0 2309:4:0 2392:4:0 2394:5:0 2395:4:0 2403:5:0 2404:4:0 2407:4:0 2432:4:0 2433:5:0 2435:4:0 2436:5:0 2451:5:0 2453:4:0 2454:5:0,,,unmapped,,
b2276-006-0,2276:6:0 2277:5:0 2278:5:0 2280:4:0 2281:5:0 2306:6:0 2307:5:0 2308:5:0 2310:4:0 2311:5:0 2390:5:0 2391:4:0 2392:5:0 2393:5:0 2394:6:0 2402:4:0 2403:6:0 2405:5:0 2406:5:0 2407:5:0 2436:6:0 2437:5:0 2451:4:0 2452:5:0 2454:6:0 2455:5:0,,,unmapped,,
b2276-007-0,2276:7:0 2279:7:0 2306:7:0 2309:7:0 2391:7:0 2393:7:0 2406:7:0 2407:7:0 2433:7:0 2436:7:0 2450:7:0,,,unmapped,,
b2277-002-0,2277:2:0 2278:0:0 2281:1:0 2307:2:0 2308:0:0 2311:0:0 2390:2:0 2392:0:0 2394:0:0 2402:0:0 2406:2:0 2407:2:0 2432:2:0 2435:2:0 2450:0:0 2452:0:0 2453:2:0 2455:1:0,,,unmapped,,
b2277-003-0,2277:3:0 2280:3:0 2307:3:0 2310:3:0 2390:3:0 2395:3:0 2404:3:0 2405:3:0 2432:3:0 2435:3:0 2450:3:0 2453:3:0,,,unmapped,,
b2277-006-0,2277:6:0 2279:5:0 2280:5:0 2307:6:0 2309:5:0 2310:5:0 2391:5:0 2392:6:0 2395:5:0 2402:5:0 2404:5:0 2407:6:0 2432:6:0 2433:4:0 2435:5:0 2450:4:0 2452:4:0 2455:6:0,,,unmapped,,
b2277-007-0,2277:7:0 2280:7:0 2307:7:0 2310:7:0 2390:7:0 2395:7:0 2404:7:0 2405:7:0 2432:7:0 2435:7:0 2451:7:0 2453:7:0 2455:7:0,,,unmapped,,
b2278-001-0,2278:1:0 2280:2:0 2308:1:0 2310:2:0 2392:1:0 2395:2:0 2404:2:0 2433:0:0 2434:1:0 2436:2:0 2450:2:0 2452:2:0 2454:0:0,,,unmapped,,
b2278-002-0,2278:2:0 2308:2:0 2309:2:0 2311:1:0 2391:2:0 2392:2:0 2394:1:0 2402:1:0 2405:2:0 2433:2:0 2434:2:0 2454:2:0 2455:2:0,,,unmapped,,
b2278-003-0,2278:3:0 2281:3:0 2308:3:0 2311:3:0 2392:3:0 2394:3:0 2402:3:0 2403:3:0 2433:3:0 2436:3:0 2451:3:0 2454:3:0,,,unmapped,,
b2278-006-0,2278:6:0 2281:6:0 2308:6:0 2311:6:0 2390:6:0 2393:6:0 2405:6:0 2406:6:0 2434:5:0 2435:6:0 2437:4:0 2450:5:0 2451:6:0 2453:5:0,,,unmapped,,
b2278-007-0,2278:7:0 2281:7:0 2308:7:0 2311:7:0 2392:7:0 2394:7:0 2402:7:0 2403:7:0 2434:7:0 2437:7:0 2452:7:0 2454:7:0,,,unmapped,,
b2279-002-0,2279:2:0 2281:2:0,,,unmapped,,
b2279-006-0,2279:6:0 2280:6:0 2281:4:0 2309:6:0 2310:6:0 2311:4:0 2390:4:0 2391:6:0 2395:6:0 2402:6:0 2404:6:0 2406:4:0 2433:6:0 2434:6:0 2437:6:0 2450:6:0 2452:6:0,,,unmapped,,
b2282-000-0,2282:0:0 2286:0:0 2287:2:0 2288:0:0 2292:0:0 2293:2:0 2300:0:0 2304:0:0 2305:2:0 2399:0:0 2400:1:0 2401:0:0 2414:1:0 2415:0:0 2416:0:0,,,unmapped,,
b2282-001-0,2282:1:0 2283:0:0 2285:1:0 2288:1:0 2289:0:0 2291:1:0 2300:1:0 2301:0:0 2303:1:0 2396:0:0 2397:1:0 2399:1:0 2415:1:0 2417:1:0 2418:0:0 2419:0:0,,,unmapped,,
b2282-002-0,2282:2:0 2283:1:0 2285:0:0 2286:1:0 2288:2:0 2289:1:0 2291:0:0 2292:1:0 2300:2:0 2301:1:0 2303:0:0 2304:1:0 2396:1:0 2397:0:0 2399:2:0 2401:1:0 2415:2:0 2416:1:0 2417:0:0 2418:1:0 2419:1:0,,,unmapped,,
b2282-003-0,2282:3:0 2285:3:0 2289:3:0 2292:3:0 2302:3:0 2305:3:0 2397:3:0 2399:3:0 2418:3:0 2419:3:0,,,unmapped,,
b2282-004-0,2282:4:0 2284:4:0 2288:4:0 2290:4:0 2300:4:0 2302:4:0 2399:4:0 2400:4:0 2415:4:0 2417:4:0,,,unmapped,,
b2282-005-0,2282:5:0 2283:4:0 2285:4:0 2288:5:0 2289:4:0 2291:4:0 2300:5:0 2301:4:0 2303:4:0 2398:4:0 2400:5:0 2401:4:0 2415:5:0 2416:4:0 2419:4:0,,,unmapped,,
b2282-006-0,2282:6:0 2283:5:0 2284:5:0 2286:4:0 2287:5:0 2288:6:0 2289:5:0 2290:5:0 2292:4:0 2293:5:0 2300:6:0 2301:5:0 2302:5:0 2304:4:0 2305:5:0 2396:5:0 2397:4:0 2398:5:0 2399:5:0 2400:6:0 2414:4:0 2415:6:0 2417:5:0 2418:5:0 2419:5:0,,,unmapped,,
b2282-007-0,2282:7:0 2285:7:0 2289:7:0 2292:7:0 2302:7:0 2305:7:0 2397:7:0 2399:7:0 2418:7:0 2419:7:0,,,unmapped,,
b2283-002-0,2283:2:0 2284:0:0 2287:0:0 2289:2:0 2290:0:0 2293:0:0 2301:2:0 2302:0:0 2305:0:0 2396:2:0 2398:0:0 2400:0:0 2414:0:0 2418:2:0 2419:2:0,,,unmapped,,
b2283-003-0,2283:3:0 2286:3:0 2290:3:0 2293:3:0 2300:3:0 2303:3:0 2396:3:0 2401:3:0 2416:3:0 2417:3:0,,,unmapped,,
b2283-006-0,2283:6:0 2285:5:0 2286:5:0 2289:6:0 2291:5:0 2292:5:0 2301:6:0 2303:5:0 2304:5:0 2397:5:0 2398:6:0 2401:5:0 2414:5:0 2416:5:0 2419:6:0,,,unmapped,,
b2283-007-0,2283:7:0 2286:7:0 2290:7:0 2293:7:0 2301:7:0 2304:7:0 2396:7:0 2401:7:0 2416:7:0 2417:7:0,,,unmapped,,
b2284-001-0,2284:1:0 2286:2:0 2290:1:0 2292:2:0 2302:1:0 2304:2:0 2398:1:0 2401:2:0 2416:2:0,,,unmapped,,
b2284-002-0,2284:2:0 2285:2:0 2287:1:0 2290:2:0 2291:2:0 2293:1:0 2302:2:0 2303:2:0 2305:1:0 2397:2:0 2398:2:0 2400:2:0 2414:2:0 2417:2:0,,,unmapped,,
b2284-003-0,2284:3:0 2287:3:0 2288:3:0 2291:3:0 2301:3:0 2304:3:0 2398:3:0 2400:3:0 2414:3:0 2415:3:0,,,unmapped,,
b2284-006-0,2284:6:0 2287:6:0 2290:6:0 2293:6:0 2302:6:0 2305:6:0 2396:6:0 2399:6:0 2417:6:0 2418:6:0,,,unmapped,,
b2284-007-0,2284:7:0 2287:7:0 2288:7:0 2291:7:0 2300:7:0 2303:7:0 2398:7:0 2400:7:0 2414:7:0 2415:7:0,,,unmapped,,
b2285-006-0,2285:6:0 2286:6:0 2287:4:0 2291:6:0 2292:6:0 2293:4:0 2303:6:0 2304:6:0 2305:4:0 2396:4:0 2397:6:0 2401:6:0 2414:6:0 2416:6:0 2418:4:0,,,unmapped,,
b2294-000-0,2294:0:0 2298:1:0 2324:0:0 2328:1:0 2429:1:0 2431:0:0 2440:1:0 2442:0:0 2445:1:0 2447:0:0,,,unmapped,,
b2294-001-0,2294:1:0 2295:0:0 2298:0:0 2299:1:0 2324:1:0 2325:0:0 2328:0:0 2329:1:0 2426:0:0 2429:0:0 2430:1:0 2431:1:0 2440:0:0 2441:1:0 2442:1:0 2443:0:0 2445:0:0 2446:1:0 2447:1:0 2448:0:0,,,unmapped,,
b2294-002-0,2294:2:0 2295:1:0 2296:1:0 2297:0:0 2299:0:0 2324:2:0 2325:1:0 2326:1:0 2327:0:0 2329:0:0 2426:1:0 2427:1:0 2428:0:0 2430:0:0 2431:2:0 2438:1:0 2439:0:0 2441:0:0 2442:2:0 2443:1:0 2444:0:0 2446:0:0 2447:2:0 2448:1:0 2449:1:0,,,unmapped,,
b2294-003-0,2294:3:0 2297:3:0 2324:3:0 2327:3:0 2428:3:0 2431:3:0 2439:3:0 2444:3:0 2447:3:0,,,unmapped,,
b2294-004-0,2294:4:0 2296:4:0 2298:5:0 2324:4:0 2326:4:0 2328:5:0 2426:5:0 2428:4:0 2430:4:0 2439:5:0 2441:4:0 2443:4:0 2445:4:0 2447:4:0 2449:5:0,,,unmapped,,
b2294-005-0,2294:5:0 2295:4:0 2297:5:0 2298:4:0 2324:5:0 2325:4:0 2327:5:0 2328:4:0 2426:4:0 2427:5:0 2429:4:0 2430:5:0 2438:5:0 2439:4:0 2441:5:0 2442:4:0 2445:5:0 2446:4:0 2448:5:0 2449:4:0,,,unmapped,,
b2294-006-0,2294:6:0 2299:5:0 2324:6:0 2329:5:0 2430:6:0 2431:5:0 2440:5:0 2441:6:0 2444:5:0 2445:6:0,,,unmapped,,
b2294-007-0,2294:7:0 2297:7:0 2324:7:0 2327:7:0 2427:7:0 2430:7:0 2438:7:0 2441:7:0 2445:7:0 2448:7:0,,,unmapped,,
b2295-002-0,2295:2:0 2298:2:0 2325:2:0 2328:2:0 2426:2:0 2429:2:0 2440:2:0 2443:2:0 2445:2:0 2448:2:0,,,unmapped,,
b2295-003-0,2295:3:0 2298:3:0 2325:3:0 2328:3:0 2426:3:0 2429:3:0 2440:3:0 2445:3:0 2448:3:0,,,unmapped,,
b2295-005-0,2295:5:0 2297:4:0 2298:6:0 2325:5:0 2327:4:0 2328:6:0 2426:6:0 2427:4:0 2429:5:0 2438:4:0 2439:6:0 2442:5:0 2446:5:0 2448:4:0 2449:6:0,,,unmapped,,
b2295-006-0,2295:6:0 2296:5:0 2299:4:0 2325:6:0 2326:5:0 2329:4:0 2428:5:0 2429:6:0 2431:4:0 2440:4:0 2442:6:0 2443:5:0 2444:4:0 2446:6:0 2447:5:0,,,unmapped,,
b2295-007-0,2295:7:0 2298:7:0 2325:7:0 2328:7:0 2426:7:0 2429:7:0 2439:7:0 2442:7:0 2446:7:0 2449:7:0,,,unmapped,,
b2296-000-0,2296:0:0 2297:1:0 2299:2:0 2326:0:0 2327:1:0 2329:2:0 2427:0:0 2428:1:0 2430:2:0 2438:0:0 2439:1:0 2441:2:0 2444:1:0 2446:2:0 2449:0:0,,,unmapped,,
b2296-002-0,2296:2:0 2297:2:0 2326:2:0 2327:2:0 2427:2:0 2428:2:0 2438:2:0 2439:2:0 2444:2:0 2449:2:0,,,unmapped,,
b2296-003-0,2296:3:0 2299:3:0 2326:3:0 2329:3:0 2427:3:0 2430:3:0 2441:3:0 2446:3:0 2449:3:0,,,unmapped,,
b2296-006-0,2296:6:0 2297:6:0 2299:6:0 2326:6:0 2327:6:0 2329:6:0 2427:6:0 2428:6:0 2431:6:0 2438:6:0 2440:6:0 2443:6:0 2444:6:0 2447:6:0 2448:6:0,,,unmapped,,
b2296-007-0,2296:7:0 2299:7:0 2326:7:0 2329:7:0 2428:7:0 2431:7:0 2440:7:0 2443:7:0 2444:7:0 2447:7:0,,,unmapped,,
b2312-000-0,2312:0:0 2316:1:0 2318:0:0 2322:1:0 2330:0:0 2333:0:0 2334:1:0 2410:1:0 2412:0:0 2423:1:0 2425:0:0,,,unmapped,,
b2312-001-0,2312:1:0 2313:0:0 2316:0:0 2317:1:0 2318:1:0 2319:0:0 2322:0:0 2323:1:0 2330:1:0 2331:0:0 2332:0:0 2333:1:0 2334:0:0 2335:1:0 2410:0:0 2411:1:0 2412:1:0 2413:0:0 2420:0:0 2423:0:0 2424:1:0 2425:1:0,,,unmapped,,
b2312-002-0,2312:2:0 2313:1:0 2314:1:0 2315:0:0 2317:0:0 2318:2:0 2319:1:0 2320:1:0 2321:0:0 2323:0:0 2330:2:0 2331:1:0 2332:1:0 2335:0:0 2408:1:0 2409:0:0 2411:0:0 2412:2:0 2413:1:0 2420:1:0 2421:1:0 2422:0:0 2424:0:0 2425:2:0,,,unmapped,,
b2312-003-0,2312:3:0 2315:3:0 2318:3:0 2321:3:0 2409:3:0 2412:3:0 2422:3:0 2425:3:0,,,unmapped,,
b2312-004-0,2312:4:0 2314:4:0 2316:5:0 2318:4:0 2320:4:0 2322:5:0 2330:4:0 2332:4:0 2334:5:0 2409:5:0 2411:4:0 2413:4:0 2420:5:0 2422:4:0 2424:4:0,,,unmapped,,
b2312-005-0,2312:5:0 2313:4:0 2315:5:0 2316:4:0 2318:5:0 2319:4:0 2321:5:0 2322:4:0 2330:5:0 2331:4:0 2333:5:0 2334:4:0 2408:5:0 2409:4:0 2411:5:0 2412:4:0 2420:4:0 2421:5:0 2423:4:0 2424:5:0,,,unmapped,,
b2312-006-0,2312:6:0 2317:5:0 2318:6:0 2323:5:0 2330:6:0 2335:5:0 2410:5:0 2411:6:0 2424:6:0 2425:5:0,,,unmapped,,
b2312-007-0,2312:7:0 2315:7:0 2318:7:0 2321:7:0 2330:7:0 2408:7:0 2411:7:0 2421:7:0 2424:7:0,,,unmapped,,
b2313-002-0,2313:2:0 2316:2:0 2319:2:0 2322:2:0 2332:2:0 2334:2:0 2410:2:0 2413:2:0 2420:2:0 2423:2:0,,,unmapped,,
b2313-003-0,2313:3:0 2316:3:0 2319:3:0 2322:3:0 2410:3:0 2413:3:0 2420:3:0 2423:3:0,,,unmapped,,
b2313-005-0,2313:5:0 2315:4:0 2316:6:0 2319:5:0 2321:4:0 2322:6:0 2331:5:0 2333:4:0 2334:6:0 2408:4:0 2409:6:0 2412:5:0 2420:6:0 2421:4:0 2423:5:0,,,unmapped,,
b2313-006-0,2313:6:0 2314:5:0 2317:4:0 2319:6:0 2320:5:0 2323:4:0 2331:6:0 2332:5:0 2335:4:0 2410:4:0 2412:6:0 2413:5:0 2422:5:0 2423:6:0 2425:4:0,,,unmapped,,
b2313-007-0,2313:7:0 2316:7:0 2319:7:0 2322:7:0 2331:7:0 2333:7:0 2334:7:0 2409:7:0 2412:7:0 2420:7:0,,,unmapped,,
b2314-000-0,2314:0:0 2315:1:0 2317:2:0 2320:0:0 2321:1:0 2323:2:0 2333:2:0 2408:2:0 2409:1:0 2411:2:0 2421:2:0 2422:2:0 2424:2:0,,,unmapped,,
b2314-002-0,2314:2:0 2315:2:0 2320:2:0 2321:2:0 2331:2:0 2335:2:0 2408:0:0 2409:2:0 2421:0:0 2422:1:0,,,unmapped,,
b2314-003-0,2314:3:0 2317:3:0 2320:3:0 2323:3:0 2408:3:0 2411:3:0 2421:3:0 2424:3:0,,,unmapped,,
b2314-006-0,2314:6:0 2315:6:0 2317:6:0 2320:6:0 2321:6:0 2323:6:0 2332:6:0 2333:6:0 2335:6:0 2408:6:0 2410:6:0 2413:6:0 2421:6:0 2422:6:0 2425:6:0,,,unmapped,,
b2314-007-0,2314:7:0 2317:7:0 2320:7:0 2323:7:0 2332:7:0 2335:7:0 2410:7:0 2413:7:0 2425:7:0,,,unmapped,,
b2330-003-0,2330:3:0 2334:3:0,,,unmapped,,
b2331-003-0,2331:3:0 2335:3:0,,,unmapped,,
b2332-003-0,2332:3:0,,,unmapped,,
b2333-003-0,2333:3:0,,,unmapped,,
b2342-003-0,2342:3:0 2344:3:0 2346:3:0,,,unmapped,,
b2367-002-0,2367:2:0 2368:2:0 2370:2:0,,,unmapped,,
b2422-007-0,2422:7:0 2423:7:0,,,unmapped,,
b2438-003-0,2438:3:0 2442:3:0 2443:3:0,,,unmapped,,
b2456-000-0,2456:0:0 2457:0:0 2458:0:0 2459:1:0 2460:1:0 2461:1:0,,,unmapped,,
b2456-001-0,2456:1:0 2457:1:0 2458:1:0 2459:0:0 2460:0:0 2461:0:0,,,unmapped,,
b2456-002-0,2456:2:0 2457:2:0 2458:2:0 2459:2:0 2460:2:0 2461:2:0 2462:2:0 2463:2:0 2464:2:0 2465:2:0 2466:2:0 2467:2:0 2468:2:0 2469:2:0 2470:2:0 2471:2:0 2472:2:0 2473:2:0 2474:2:0 2475:2:0 2476:2:0 2477:2:0 2478:2:0 2479:2:0 2480:2:0 2481:2:0 2482:2:0 2483:2:0 2484:2:0 2485:2:0 2486:16:0 2487:16:0 2488:16:0 2489:16:0 2490:16:0 2491:16:0 2492:16:0 2493:16:0 2494:16:0 2495:16:0 2496:16:0 2497:16:0 2498:16:0 2499:16:0 2500:16:0 2501:16:0 2502:16:0 2503:16:0 2504:16:0 2505:16:0 2506:16:0 2507:16:0 2508:16:0 2509:16:0 2522:16:0 2523:16:0 2524:16:0 2525:16:0 2526:16:0 2527:16:0 2528:16:0 2529:16:0 2530:16:0 2531:16:0 2532:16:0 2533:16:0 2534:16:0 2535:16:0 2536:16:0 2537:16:0 2538:16:0 2539:16:0 2540:16:0 2541:16:0 2560:16:0 2561:16:0 2562:16:0 2563:16:0 2564:16:0 2565:16:0 2566:6:0 2567:5:0 2568:5:0 2569:6:0 2570:6:0 2571:6:0 2584:16:0 2585:16:0 2586:16:0 2587:16:0 2588:16:0 2589:16:0,,,unmapped,,
b2456-003-0,2456:3:0 2458:3:0 2459:3:0 2460:4:0,,,unmapped,,
b2456-004-0,2456:4:0 2457:3:0 2459:4:0 2460:3:0 2461:4:0,,,unmapped,,
b2456-005-0,2456:5:0 2457:4:0 2458:4:0 2460:5:0 2461:3:0,,,unmapped,,
b2457-005-0,2457:5:0 2458:5:0 2459:5:0 2461:5:0,,,unmapped,,
b2462-000-0,2462:0:0 2463:0:0 2464:0:0 2465:1:0 2466:1:0 2467:1:0,,,unmapped,,
b2462-001-0,2462:1:0 2463:1:0 2464:1:0 2465:0:0 2466:0:0 2467:0:0,,,unmapped,,
b2462-003-0,2462:3:0 2464:3:0 2465:3:0 2466:4:0,,,unmapped,,
b2462-004-0,2462:4:0 2463:3:0 2465:4:0 2466:3:0 2467:4:0,,,unmapped,,
b2462-005-0,2462:5:0 2463:4:0 2464:4:0 2466:5:0 2467:3:0,,,unmapped,,
b2463-005-0,2463:5:0 2464:5:0 2465:5:0 2467:5:0,,,unmapped,,
b2468-000-0,2468:0:0 2469:0:0 2470:0:0 2471:1:0 2472:1:0 2473:1:0,,,unmapped,,
b2468-001-0,2468:1:0 2469:1:0 2470:1:0 2471:0:0 2472:0:0 2473:0:0,,,unmapped,,
b2468-003-0,2468:3:0 2470:3:0 2471:3:0 2472:4:0,,,unmapped,,
b2468-004-0,2468:4:0 2469:3:0 2471:4:0 2472:3:0 2473:4:0,,,unmapped,,
b2468-005-0,2468:5:0 2469:4:0 2470:4:0 2472:5:0 2473:3:0,,,unmapped,,
b2469-005-0,2469:5:0 2470:5:0 2471:5:0 2473:5:0,,,unmapped,,
b2474-000-0,2474:0:0 2475:0:0 2476:0:0 2477:0:0 2478:0:0 2479:0:0,,,unmapped,,
b2474-001-0,2474:1:0 2475:1:0 2476:1:0 2477:1:0 2478:1:0 2479:1:0,,,unmapped,,
b2474-003-0,2474:3:0 2476:3:0 2477:3:0 2478:4:0,,,unmapped,,
b2474-004-0,2474:4:0 2475:3:0 2477:4:0 2478:3:0 2479:4:0,,,unmapped,,
b2474-005-0,2474:5:0 2475:4:0 2476:4:0 2478:5:0 2479:3:0,,,unmapped,,
b2475-005-0,2475:5:0 2476:5:0 2477:5:0 2479:5:0,,,unmapped,,
b2480-000-0,2480:0:0 2481:0:0 2482:0:0 2483:1:0 2484:1:0 2485:1:0,,,unmapped,,
b2480-001-0,2480:1:0 2481:1:0 2482:1:0 2483:0:0 2484:0:0 2485:0:0,,,unmapped,,
b2480-003-0,2480:3:0 2481:5:0 2482:3:0 2482:5:0 2483:3:0 2483:5:0 2484:4:0 2485:5:0,,,unmapped,,
b2480-004-0,2480:4:0 2481:3:0 2483:4:0 2484:3:0 2485:4:0,,,unmapped,,
b2480-005-0,2480:5:0 2481:4:0 2482:4:0 2484:5:0 2485:3:0,,,unmapped,,
b2486-000-0,2486:0:0 2488:1:0 2489:2:0 2490:0:0 2492:8:0 2494:9:0 2495:10:0 2496:8:0 2522:8:0 2524:9:0 2525:10:0 2526:8:0 2532:8:0 2534:9:0 2535:10:0 2536:8:0,,,unmapped,,
b2486-001-0,2486:1:0 2487:1:0 2488:2:0 2490:2:0 2491:0:0 2492:9:0 2493:9:0 2494:10:0 2496:10:0 2497:8:0 2522:9:0 2523:9:0 2526:10:0 2532:9:0 2533:9:0 2534:10:0 2536:10:0,,,unmapped,,
b2486-002-0,2486:2:0 2487:0:0 2489:0:0 2491:2:0 2492:10:0 2493:8:0 2495:8:0 2497:10:0 2522:10:0 2523:8:0 2524:10:0 2525:8:0 2532:10:0 2533:8:0 2535:8:0,,,unmapped,,
b2486-003-0,2486:3:0 2488:3:0 2490:3:0 2492:11:0 2494:11:0 2496:11:0 2522:11:0 2526:11:0 2532:11:0 2534:11:0 2536:11:0,,,unmapped,,
b2486-004-0,2486:4:0 2488:4:0 2490:4:0 2492:12:0 2494:12:0 2496:12:0 2522:12:0 2524:12:0 2526:12:0 2532:12:0 2534:12:0 2536:12:0,,,unmapped,,
b2486-005-0,2486:5:0 2487:4:0 2488:5:0 2489:4:0 2490:5:0 2491:4:0 2492:13:0 2493:12:0 2494:13:0 2495:12:0 2496:13:0 2497:12:0 2522:13:0 2523:12:0 2524:13:0 2525:12:0 2526:13:0 2532:13:0 2533:12:0 2534:13:0 2535:12:0 2536:13:0,,,unmapped,,
b2486-006-0,2486:6:0 2487:5:0 2488:6:0 2489:5:0 2490:6:0 2491:5:0 2492:14:0 2493:13:0 2494:14:0 2495:13:0 2496:14:0 2497:13:0 2522:14:0 2523:13:0 2524:14:0 2525:13:0 2526:14:0 2532:14:0 2533:13:0 2534:14:0 2535:13:0 2536:14:0,,,unmapped,,
b2486-007-0,2486:7:0 2488:7:0 2490:7:0 2492:15:0 2494:15:0 2496:15:0 2522:15:0 2524:15:0 2526:15:0 2532:15:0 2534:15:0 2536:15:0,,,unmapped,,
b2486-008-0,2486:8:0 2488:9:0 2489:8:0 2490:9:0 2492:0:0 2494:1:0 2495:0:0 2496:1:0,,,unmapped,,
b2486-009-0,2486:9:0 2487:8:0 2491:8:0 2492:1:0 2493:0:0 2497:0:0,,,unmapped,,
b2486-010-0,2486:10:0 2487:9:0 2488:10:0 2489:9:0 2490:10:0 2491:9:0 2492:2:0 2493:1:0 2494:2:0 2495:1:0 2496:2:0 2497:1:0,,,unmapped,,
b2486-011-0,2486:11:0 2488:11:0 2490:11:0 2492:3:0 2494:3:0 2496:3:0,,,unmapped,,
b2486-012-0,2486:12:0 2487:12:0 2490:13:0 2491:12:0 2492:4:0 2493:4:0 2496:5:0 2497:4:0,,,unmapped,,
b2486-013-0,2486:13:0 2487:13:0 2488:14:0 2489:14:0 2490:14:0 2491:13:0 2492:5:0 2493:5:0 2494:6:0 2495:6:0 2496:6:0 2497:5:0,,,unmapped,,
b2486-014-0,2486:14:0 2488:12:0 2489:13:0 2491:14:0 2492:6:0 2494:4:0 2495:5:0 2497:6:0,,,unmapped,,
b2486-015-0,2486:15:0 2488:15:0 2490:15:0 2492:7:0 2494:7:0 2496:7:0,,,unmapped,,
b2487-002-0,2487:2:0 2488:0:0 2489:1:0 2490:1:0 2491:1:0 2493:10:0 2494:8:0 2495:9:0 2496:9:0 2497:9:0 2523:10:0 2524:8:0 2525:9:0 2526:9:0 2533:10:0 2534:8:0 2535:9:0 2536:9:0,,,unmapped,,
b2487-003-0,2487:3:0 2489:3:0 2491:3:0 2493:11:0 2495:11:0 2497:11:0 2523:11:0 2524:11:0 2525:11:0 2533:11:0 2535:11:0,,,unmapped,,
b2487-006-0,2487:6:0 2489:6:0 2491:6:0 2493:14:0 2495:14:0 2497:14:0 2523:14:0 2525:14:0 2533:14:0 2535:14:0,,,unmapped,,
b2487-007-0,2487:7:0 2489:7:0 2491:7:0 2493:15:0 2495:15:0 2497:15:0 2523:15:0 2525:15:0 2533:15:0 2535:15:0,,,unmapped,,
b2487-010-0,2487:10:0 2488:8:0 2489:10:0 2490:8:0 2491:10:0 2493:2:0 2494:0:0 2495:2:0 2496:0:0 2497:2:0,,,unmapped,,
b2487-011-0,2487:11:0 2489:11:0 2491:11:0 2493:3:0 2495:3:0 2497:3:0,,,unmapped,,
b2487-014-0,2487:14:0 2488:13:0 2489:12:0 2490:12:0 2493:6:0 2494:5:0 2495:4:0 2496:4:0,,,unmapped,,
b2487-015-0,2487:15:0 2489:15:0 2491:15:0 2493:7:0 2495:7:0 2497:7:0,,,unmapped,,
b2498-000-0,2498:0:0 2500:2:0 2501:0:0 2505:8:0 2506:10:0 2508:9:0 2509:9:0,,,unmapped,,
b2498-001-0,2498:1:0 2502:0:0 2504:8:0 2507:8:0 2508:8:0,,,unmapped,,
b2498-002-0,2498:2:0 2500:1:0 2503:0:0 2506:9:0 2509:8:0,,,unmapped,,
b2498-003-0,2498:3:0 2500:3:0 2502:3:0 2504:11:0 2506:11:0 2507:11:0,,,unmapped,,
b2498-004-0,2498:4:0 2499:6:0 2500:5:0 2501:4:0 2502:6:0 2503:5:0 2504:14:0 2505:12:0 2506:13:0 2507:14:0 2508:12:0 2509:12:0,,,unmapped,,
b2498-005-0,2498:5:0 2499:4:0 2501:6:0 2503:4:0 2505:14:0 2508:14:0 2509:14:0,,,unmapped,,
b2498-006-0,2498:6:0 2499:5:0 2500:6:0 2501:5:0 2502:4:0 2503:6:0 2504:12:0 2505:13:0 2506:14:0 2507:12:0 2508:13:0 2509:13:0,,,unmapped,,
b2498-007-0,2498:7:0 2501:7:0 2503:7:0 2505:15:0 2508:15:0 2509:15:0,,,unmapped,,
b2498-008-0,2498:8:0 2500:8:0 2502:8:0 2505:1:0 2507:0:0 2509:1:0,,,unmapped,,
b2498-009-0,2498:9:0 2499:10:0 2500:9:0 2502:9:0 2503:10:0 2504:0:0 2507:1:0 2508:2:0,,,unmapped,,
b2498-010-0,2498:10:0 2499:9:0 2500:10:0 2501:8:0 2502:10:0 2503:9:0 2504:2:0 2505:2:0 2506:0:0 2507:2:0 2508:1:0,,,unmapped,,
b2498-011-0,2498:11:0 2500:11:0 2502:11:0 2507:3:0 2509:3:0,,,unmapped,,
b2498-012-0,2498:12:0 2499:14:0 2500:12:0 2501:14:0 2502:12:0 2503:14:0 2504:6:0 2505:5:0 2506:6:0 2507:4:0 2508:6:0 2509:5:0,,,unmapped,,
b2498-013-0,2498:13:0 2499:12:0 2500:13:0 2501:12:0 2502:13:0 2503:12:0 2504:5:0 2506:4:0 2507:5:0 2508:4:0 2509:4:0,,,unmapped,,
b2498-014-0,2498:14:0 2499:13:0 2500:14:0 2501:13:0 2502:14:0 2504:4:0 2505:4:0 2506:5:0 2507:6:0 2509:6:0,,,unmapped,,
b2498-015-0,2498:15:0 2499:15:0 2501:15:0 2504:7:0 2505:7:0 2506:7:0 2509:7:0,,,unmapped,,
b2499-000-0,2499:0:0 2500:0:0 2503:1:0 2506:8:0,,,unmapped,,
b2499-001-0,2499:1:0 2501:1:0 2502:1:0 2503:2:0 2504:9:0 2505:9:0 2507:9:0 2508:10:0 2509:10:0,,,unmapped,,
b2499-002-0,2499:2:0 2501:2:0 2502:2:0 2504:10:0 2505:10:0 2507:10:0,,,unmapped,,
b2499-003-0,2499:3:0 2501:3:0 2503:3:0 2505:11:0 2508:11:0 2509:11:0,,,unmapped,,
b2499-007-0,2499:7:0 2500:7:0 2502:7:0 2504:15:0 2506:15:0 2507:15:0,,,unmapped,,
b2499-008-0,2499:8:0 2501:9:0 2503:8:0 2506:1:0 2508:0:0,,,unmapped,,
b2499-011-0,2499:11:0 2501:11:0 2503:11:0 2504:3:0 2505:3:0 2506:3:0 2508:3:0,,,unmapped,,
b2500-004-0,2500:4:0 2502:5:0 2504:13:0 2506:12:0 2507:13:0,,,unmapped,,
b2500-015-0,2500:15:0 2502:15:0 2503:15:0 2507:7:0 2508:7:0,,,unmapped,,
b2501-010-0,2501:10:0 2506:2:0 2509:2:0,,,unmapped,,
b2503-013-0,2503:13:0 2505:6:0 2508:5:0,,,unmapped,,
b2504-001-0,2504:1:0 2505:0:0 2509:0:0,,,unmapped,,
b2510-000-0,2510:0:0,,,unmapped,,
b2510-001-0,2510:1:0 2512:1:0 2514:0:0 2515:1:0,,,unmapped,,
b2510-002-0,2510:2:0 2511:2:0 2513:2:0,,,unmapped,,
b2510-003-0,2510:3:0 2512:3:0 2514:3:0,,,unmapped,,
b2510-004-0,2510:4:0 2511:4:0 2512:5:0 2513:6:0 2515:6:0,,,unmapped,,
b2510-005-0,2510:5:0 2512:4:0 2513:5:0 2514:4:0,,,unmapped,,
b2510-006-0,2510:6:0 2511:5:0 2512:6:0 2513:4:0 2514:6:0 2515:5:0,,,unmapped,,
b2510-007-0,2510:7:0 2512:7:0 2514:7:0,,,unmapped,,
b2511-000-0,2511:0:0 2513:1:0 2514:1:0 2515:0:0,,,unmapped,,
b2511-001-0,2511:1:0 2512:0:0 2513:0:0 2514:2:0,,,unmapped,,
b2511-003-0,2511:3:0 2513:3:0 2515:3:0,,,unmapped,,
b2511-006-0,2511:6:0 2514:5:0 2515:4:0,,,unmapped,,
b2511-007-0,2511:7:0 2513:7:0 2515:7:0,,,unmapped,,
b2512-002-0,2512:2:0 2515:2:0,,,unmapped,,
b2516-002-0,2516:2:0 2518:2:0 2521:2:0,,,unmapped,,
b2516-003-0,2516:3:0 2518:3:0 2520:3:0,,,unmapped,,
b2516-006-0,2516:6:0 2517:6:0 2518:6:0 2521:6:0,,,unmapped,,
b2517-003-0,2517:3:0 2519:3:0 2521:3:0,,,unmapped,,
b2519-002-0,2519:2:0 2520:2:0,,,unmapped,,
b2522-000-0,2522:0:0 2523:0:0 2525:0:0 2527:0:0 2530:0:0 2538:8:0 2540:8:0,,,unmapped,,
b2522-001-0,2522:1:0 2524:0:0 2525:1:0 2526:0:0 2527:1:0 2529:0:0 2530:1:0 2531:1:0 2538:9:0 2539:8:0 2540:9:0 2541:9:0,,,unmapped,,
b2522-002-0,2522:2:0 2523:1:0 2524:1:0 2527:2:0 2528:0:0 2529:1:0 2537:8:0 2538:10:0 2539:9:0,,,unmapped,,
b2522-003-0,2522:3:0 2526:3:0 2527:3:0 2529:3:0 2531:3:0 2538:11:0 2539:11:0 2541:11:0,,,unmapped,,
b2522-004-0,2522:4:0 2523:4:0 2524:4:0 2525:4:0 2526:5:0 2527:4:0 2528:4:0 2529:4:0 2530:4:0 2531:5:0 2537:12:0 2538:12:0 2539:12:0 2540:12:0 2541:13:0,,,unmapped,,
b2522-005-0,2522:5:0 2524:5:0 2525:5:0 2526:4:0 2527:5:0 2529:5:0 2530:5:0 2531:4:0 2538:13:0 2539:13:0 2540:13:0 2541:12:0,,,unmapped,,
b2522-006-0,2522:6:0 2523:5:0 2525:6:0 2526:6:0 2527:6:0 2528:5:0 2530:6:0 2531:6:0 2537:13:0 2538:14:0 2540:14:0 2541:14:0,,,unmapped,,
b2522-007-0,2522:7:0 2523:7:0 2524:7:0 2526:7:0 2527:7:0 2528:7:0 2529:7:0 2531:7:0 2537:15:0 2539:15:0 2541:15:0,,,unmapped,,
b2523-002-0,2523:2:0 2525:2:0 2528:2:0 2530:2:0 2537:10:0 2540:10:0,,,unmapped,,
b2523-003-0,2523:3:0 2524:3:0 2525:3:0 2528:3:0 2530:3:0 2537:11:0 2540:11:0,,,unmapped,,
b2523-006-0,2523:6:0 2524:6:0 2528:6:0 2529:6:0 2537:14:0 2539:14:0,,,unmapped,,
b2524-002-0,2524:2:0 2526:2:0 2528:1:0 2529:2:0 2531:0:0 2537:9:0 2539:10:0 2541:8:0,,,unmapped,,
b2525-007-0,2525:7:0 2530:7:0 2538:15:0 2540:15:0,,,unmapped,,
b2526-001-0,2526:1:0 2531:2:0 2541:10:0,,,unmapped,,
b2527-008-0,2527:8:0 2528:10:0 2529:9:0 2532:2:0 2533:0:0 2534:1:0 2537:2:0 2539:1:0,,,unmapped,,
b2527-009-0,2527:9:0 2529:10:0 2531:8:0 2533:1:0 2534:2:0 2536:2:0 2538:1:0 2539:2:0 2541:0:0,,,unmapped,,
b2527-010-0,2527:10:0 2530:10:0 2533:2:0 2535:2:0 2538:2:0 2540:2:0,,,unmapped,,
b2527-011-0,2527:11:0 2530:11:0 2533:3:0 2535:3:0 2538:3:0 2540:3:0,,,unmapped,,
b2527-012-0,2527:12:0 2528:12:0 2529:12:0 2530:12:0 2531:13:0 2532:4:0 2533:4:0 2534:4:0 2535:4:0 2536:5:0 2537:4:0 2538:4:0 2539:4:0 2540:4:0 2541:5:0,,,unmapped,,
b2527-013-0,2527:13:0 2528:14:0 2530:14:0 2531:14:0 2532:6:0 2533:5:0 2535:6:0 2536:6:0 2537:6:0 2538:5:0 2540:6:0 2541:6:0,,,unmapped,,
b2527-014-0,2527:14:0 2529:14:0 2533:6:0 2534:6:0 2538:6:0 2539:6:0,,,unmapped,,
b2527-015-0,2527:15:0 2528:15:0 2530:15:0 2532:7:0 2533:7:0 2535:7:0 2537:7:0 2538:7:0 2540:7:0,,,unmapped,,
b2528-008-0,2528:8:0 2530:8:0 2532:0:0 2535:0:0 2537:0:0 2538:0:0 2540:0:0,,,unmapped,,
b2528-009-0,2528:9:0 2529:8:0 2530:9:0 2531:9:0 2532:1:0 2534:0:0 2535:1:0 2536:0:0 2537:1:0 2539:0:0 2540:1:0 2541:1:0,,,unmapped,,
b2528-011-0,2528:11:0 2529:11:0 2531:11:0 2532:3:0 2534:3:0 2536:3:0 2537:3:0 2539:3:0 2541:3:0,,,unmapped,,
b2528-013-0,2528:13:0 2529:13:0 2530:13:0 2531:12:0 2532:5:0 2534:5:0 2535:5:0 2536:4:0 2537:5:0 2539:5:0 2540:5:0 2541:4:0,,,unmapped,,
b2529-015-0,2529:15:0 2531:15:0 2534:7:0 2536:7:0 2539:7:0 2541:7:0,,,unmapped,,
b2531-010-0,2531:10:0 2536:1:0 2541:2:0,,,unmapped,,
b2542-000-0,2542:0:0 2545:0:0,,,unmapped,,
b2542-001-0,2542:1:0 2543:0:0 2544:0:0 2545:1:0 2547:0:0,,,unmapped,,
b2542-002-0,2542:2:0 2543:1:0 2544:1:0 2546:0:0,,,unmapped,,
b2542-003-0,2542:3:0 2544:3:0 2546:3:0,,,unmapped,,
b2542-004-0,2542:4:0 2544:4:0 2545:4:0 2546:5:0 2547:4:0,,,unmapped,,
b2542-005-0,2542:5:0 2543:4:0 2544:5:0 2545:5:0 2546:4:0,,,unmapped,,
b2542-006-0,2542:6:0 2543:5:0 2545:6:0 2546:6:0 2547:5:0,,,unmapped,,
b2542-007-0,2542:7:0 2544:7:0 2546:7:0,,,unmapped,,
b2543-002-0,2543:2:0,,,unmapped,,
b2543-003-0,2543:3:0 2545:3:0 2547:3:0,,,unmapped,,
b2543-006-0,2543:6:0 2544:6:0 2547:6:0,,,unmapped,,
b2543-007-0,2543:7:0 2545:7:0 2547:7:0,,,unmapped,,
b2544-002-0,2544:2:0 2546:1:0 2547:1:0,,,unmapped,,
b2545-002-0,2545:2:0 2546:2:0 2547:2:0,,,unmapped,,
b2548-000-0,2548:0:0 2551:0:0,,,unmapped,,
b2548-001-0,2548:1:0 2549:0:0 2550:0:0 2551:1:0 2552:0:0,,,unmapped,,
b2548-002-0,2548:2:0 2549:2:0 2550:2:0 2553:1:0,,,unmapped,,
b2548-003-0,2548:3:0 2550:3:0 2552:3:0,,,unmapped,,
b2548-004-0,2548:4:0 2550:4:0 2551:4:0 2552:5:0 2553:4:0,,,unmapped,,
b2548-005-0,2548:5:0 2549:4:0 2550:5:0 2551:5:0 2552:4:0,,,unmapped,,
b2548-006-0,2548:6:0 2549:5:0 2551:6:0 2552:6:0 2553:5:0,,,unmapped,,
b2548-007-0,2548:7:0 2550:7:0 2552:7:0,,,unmapped,,
b2549-001-0,2549:1:0 2553:0:0,,,unmapped,,
b2549-003-0,2549:3:0 2551:3:0 2553:3:0,,,unmapped,,
b2549-006-0,2549:6:0 2550:6:0 2553:6:0,,,unmapped,,
b2549-007-0,2549:7:0 2551:7:0 2553:7:0,,,unmapped,,
b2550-001-0,2550:1:0 2552:1:0,,,unmapped,,
b2551-002-0,2551:2:0 2552:2:0 2553:2:0,,,unmapped,,
b2554-000-0,2554:0:0 2557:0:0,,,unmapped,,
b2554-001-0,2554:1:0 2555:0:0 2556:0:0 2557:1:0 2558:0:0,,,unmapped,,
b2554-002-0,2554:2:0 2555:2:0 2556:1:0,,,unmapped,,
b2554-003-0,2554:3:0 2556:3:0 2558:3:0,,,unmapped,,
b2554-004-0,2554:4:0 2555:5:0 2557:4:0 2559:5:0,,,unmapped,,
b2554-005-0,2554:5:0 2556:4:0 2557:5:0 2558:5:0 2559:4:0,,,unmapped,,
b2554-006-0,2554:6:0 2555:4:0 2556:5:0 2557:6:0 2558:4:0,,,unmapped,,
b2554-007-0,2554:7:0 2556:7:0 2558:7:0,,,unmapped,,
b2555-001-0,2555:1:0 2559:1:0,,,unmapped,,
b2555-003-0,2555:3:0 2557:3:0 2559:3:0,,,unmapped,,
b2555-006-0,2555:6:0 2556:6:0 2558:6:0 2559:6:0,,,unmapped,,
b2555-007-0,2555:7:0 2557:7:0 2559:7:0,,,unmapped,,
b2556-002-0,2556:2:0 2558:2:0 2559:2:0,,,unmapped,,
b2557-002-0,2557:2:0 2558:1:0 2559:0:0,,,unmapped,,
b2572-000-0,2572:0:0 2574:1:0 2576:0:0,,,unmapped,,
b2572-001-0,2572:1:0 2575:0:0,,,unmapped,,
b2572-002-0,2572:2:0,,,unmapped,,
b2572-003-0,2572:3:0 2573:3:0 2574:5:0 2575:5:0 2576:3:0,,,unmapped,,
b2572-004-0,2572:4:0 2574:4:0 2575:4:0 2576:4:0 2577:4:0,,,unmapped,,
b2572-005-0,2572:5:0 2573:6:0 2575:7:0,,,unmapped,,
b2573-000-0,2573:0:0 2576:1:0 2577:2:0,,,unmapped,,
b2573-001-0,2573:1:0 2574:0:0 2575:1:0 2577:0:0,,,unmapped,,
b2573-002-0,2573:2:0 2574:3:0 2577:3:0,,,unmapped,,
b2573-004-0,2573:4:0 2575:6:0 2576:5:0 2577:5:0,,,unmapped,,
b2573-005-0,2573:5:0 2574:6:0 2577:6:0,,,unmapped,,
b2574-002-0,2574:2:0,,,unmapped,,
b2574-007-0,2574:7:0 2576:6:0 2577:7:0,,,unmapped,,
b2575-002-0,2575:2:0 2577:1:0,,,unmapped,,
b2575-003-0,2575:3:0 2576:2:0,,,unmapped,,
b2578-000-0,2578:0:0 2581:1:0 2583:1:0,,,unmapped,,
b2578-001-0,2578:1:0 2579:0:0 2580:0:0,,,unmapped,,
b2578-002-0,2578:2:0 2579:1:0 2582:2:0,,,unmapped,,
b2578-003-0,2578:3:0 2580:3:0 2582:3:0 2583:3:0,,,unmapped,,
b2578-004-0,2578:4:0 2580:4:0 2581:4:0 2582:5:0 2583:4:0,,,unmapped,,
b2578-005-0,2578:5:0 2579:4:0 2580:5:0 2581:5:0 2582:4:0,,,unmapped,,
b2578-006-0,2578:6:0 2579:5:0 2581:6:0 2582:6:0 2583:5:0,,,unmapped,,
b2578-007-0,2578:7:0 2582:7:0,,,unmapped,,
b2579-002-0,2579:2:0 2580:1:0 2581:2:0 2582:1:0,,,unmapped,,
b2579-003-0,2579:3:0 2581:3:0,,,unmapped,,
b2579-006-0,2579:6:0 2580:6:0 2583:6:0,,,unmapped,,
b2579-007-0,2579:7:0 2580:7:0 2581:7:0 2583:7:0,,,unmapped,,
b2580-002-0,2580:2:0 2582:0:0 2583:2:0,,,unmapped,,
b2581-000-0,2581:0:0 2583:0:0,,,unmapped,,
b2590-000-0,2590:0:0,,,unmapped,,
b2592-000-0,2592:0:0,,,unmapped,,
b2783-000-0,2783:0:0,,,unmapped,,
b2785-000-0,2785:0:0,,,unmapped,,
b2787-000-0,2787:0:0,,,unmapped,,
b2789-000-0,2789:0:0,,,unmapped,,
b2791-000-0,2791:0:0,,,unmapped,,
b2793-000-0,2793:0:0,,,unmapped,,
b2795-000-0,2795:0:0,,,unmapped,,
b2797-000-0,2797:0:0,,,unmapped,,
b2799-000-0,2799:0:0,,,unmapped,,
b2801-000-0,2801:0:0,,,unmapped,,
b2803-000-0,2803:0:0,,,unmapped,,
b2805-000-0,2805:0:0,,,unmapped,,
b2807-000-0,2807:0:0,,,unmapped,,
b2809-000-0,2809:0:0,,,unmapped,,
b2811-000-0,2811:0:0,,,unmapped,,
b2813-000-0,2813:0:0,,,unmapped,,
b2815-000-0,2815:0:0,,,unmapped,,
b2817-000-0,2817:0:0,,,unmapped,,
b2819-000-0,2819:0:0,,,unmapped,,
b2823-000-0,2823:0:0,,,unmapped,,
b2825-000-0,2825:0:0,,,unmapped,,
b2827-000-0,2827:0:0,,,unmapped,,
b2829-000-0,2829:0:0,,,unmapped,,
b2837-000-0,2837:0:0,,,unmapped,,
