"kind","resource","sheet","flags","verify","subresource"
"scene","1195","resource-1195-scenes.csv","","yes",""
"scene","1197","resource-1197-scenes.csv","","yes",""
"scene","1199","resource-1199-scenes.csv","","yes",""
"scene","1201","resource-1201-scenes.csv","","yes",""
"scene","1203","resource-1203-scenes.csv","","yes",""
"scene","1209","resource-1209-scenes.csv","","yes",""
"scene","1211","resource-1211-scenes.csv","","yes",""
"scene","1213","resource-1213-scenes.csv","","yes",""
"scene","1217","resource-1217-scenes.csv","","yes",""
"scene","1219","resource-1219-scenes.csv","","yes",""
"scene","1221","resource-1221-scenes.csv","","yes",""
"scene","1223","resource-1223-scenes.csv","","yes",""
"scene","1227","resource-1227-scenes.csv","","yes",""
"scene","1229","resource-1229-scenes.csv","","yes",""
"scene","1231","resource-1231-scenes.csv","","yes",""
"scene","1233","resource-1233-scenes.csv","full-font","yes",""
"scene","1235","resource-1235-scenes.csv","","yes",""
"scene","1237","resource-1237-scenes.csv","","yes",""
"scene","1239","resource-1239-scenes.csv","","yes",""
"scene","1243","resource-1243-scenes.csv","","yes",""
"scene","1245","resource-1245-scenes.csv","","yes",""
"scene","1247","resource-1247-scenes.csv","full-font","yes",""
"scene","1251","resource-1251-scenes.csv","","yes",""
"scene","1253","resource-1253-scenes.csv","","yes",""
"scene","1255","resource-1255-scenes.csv","","yes",""
"scene","1261","resource-1261-scenes.csv","","yes",""
"scene","1263","resource-1263-scenes.csv","","yes",""
"scene","1269","resource-1269-scenes.csv","","yes",""
"scene","1275","resource-1275-scenes.csv","","yes",""
"scene","1277","resource-1277-scenes.csv","","yes",""
"scene","1281","resource-1281-scenes.csv","","yes",""
"scene","1283","resource-1283-scenes.csv","","yes",""
"scene","1285","resource-1285-scenes.csv","","yes",""
"scene","1287","resource-1287-scenes.csv","full-font","yes",""
"scene","1289","resource-1289-scenes.csv","","yes",""
"scene","1291","resource-1291-scenes.csv","","yes",""
"scene","1295","resource-1295-scenes.csv","","yes",""
"scene","1297","resource-1297-scenes.csv","","yes",""
"scene","1299","resource-1299-scenes.csv","","yes",""
"scene","1301","resource-1301-scenes.csv","","yes",""
"scene","1303","resource-1303-scenes.csv","","yes",""
"scene","1305","resource-1305-scenes.csv","","yes",""
"scene","1307","resource-1307-scenes.csv","","yes",""
"scene","1309","resource-1309-scenes.csv","","yes",""
"scene","1311","resource-1311-scenes.csv","","yes",""
"scene","1313","resource-1313-scenes.csv","full-font","yes",""
"scene","1315","resource-1315-scenes.csv","","yes",""
"scene","1317","resource-1317-scenes.csv","","yes",""
"scene","1321","resource-1321-scenes.csv","","yes",""
"scene","1323","resource-1323-scenes.csv","","yes",""
"scene","1325","resource-1325-scenes.csv","","yes",""
"scene","1335","resource-1335-scenes.csv","","yes",""
"scene","1337","resource-1337-scenes.csv","","yes",""
"scene","1351","resource-1351-scenes.csv","","yes",""
"scene","1353","resource-1353-scenes.csv","","yes",""
"scene","1357","resource-1357-scenes.csv","","yes",""
"scene","1379","resource-1379-scenes.csv","","yes",""
"scene","1389","resource-1389-scenes.csv","","yes",""
"scene","1393","resource-1393-scenes.csv","","yes",""
"fontless","29","resource-0029-scenes.csv","","",""
"fontless","31","resource-0031-scenes.csv","","",""
"fontless","145","resource-0145-scenes.csv","","",""
"fontless","147","resource-0147-scenes.csv","","",""
"fontless","149","resource-0149-scenes.csv","","",""
"fontless","151","resource-0151-scenes.csv","","",""
"fontless","153","resource-0153-scenes.csv","","",""
"fontless","155","resource-0155-scenes.csv","","",""
"fontless","157","resource-0157-scenes.csv","","",""
"fontless","159","resource-0159-scenes.csv","","",""
"fontless","165","resource-0165-scenes.csv","","",""
"fontless","169","resource-0169-scenes.csv","","",""
"fontless","171","resource-0171-scenes.csv","","",""
"fontless","175","resource-0175-scenes.csv","","",""
"fontless","177","resource-0177-scenes.csv","","",""
"fontless","179","resource-0179-scenes.csv","","",""
"fontless","181","resource-0181-scenes.csv","","",""
"fontless","183","resource-0183-scenes.csv","","",""
"fontless","187","resource-0187-scenes.csv","","",""
"fontless","191","resource-0191-scenes.csv","","",""
"fontless","195","resource-0195-scenes.csv","","",""
"fontless","199","resource-0199-scenes.csv","","",""
"fontless","201","resource-0201-scenes.csv","","",""
"fontless","203","resource-0203-scenes.csv","","",""
"fontless","205","resource-0205-scenes.csv","","",""
"fontless","207","resource-0207-scenes.csv","","",""
"fontless","211","resource-0211-scenes.csv","","",""
"fontless","213","resource-0213-scenes.csv","","",""
"fontless","215","resource-0215-scenes.csv","","",""
"fontless","217","resource-0217-scenes.csv","","",""
"fontless","221","resource-0221-scenes.csv","","",""
"fontless","223","resource-0223-scenes.csv","","",""
"fontless","225","resource-0225-scenes.csv","","",""
"fontless","227","resource-0227-scenes.csv","","",""
"fontless","229","resource-0229-scenes.csv","","",""
"fontless","231","resource-0231-scenes.csv","","",""
"fontless","235","resource-0235-scenes.csv","","",""
"fontless","237","resource-0237-scenes.csv","","",""
"fontless","239","resource-0239-scenes.csv","","",""
"fontless","241","resource-0241-scenes.csv","","",""
"fontless","247","resource-0247-scenes.csv","","",""
"fontless","249","resource-0249-scenes.csv","","",""
"fontless","251","resource-0251-scenes.csv","","",""
"fontless","257","resource-0257-scenes.csv","","",""
"fontless","259","resource-0259-scenes.csv","","",""
"fontless","261","resource-0261-scenes.csv","","",""
"fontless","267","resource-0267-scenes.csv","","",""
"fontless","269","resource-0269-scenes.csv","","",""
"fontless","271","resource-0271-scenes.csv","","",""
"fontless","275","resource-0275-scenes.csv","","",""
"fontless","277","resource-0277-scenes.csv","","",""
"fontless","279","resource-0279-scenes.csv","","",""
"fontless","281","resource-0281-scenes.csv","","",""
"fontless","285","resource-0285-scenes.csv","","",""
"fontless","287","resource-0287-scenes.csv","","",""
"fontless","289","resource-0289-scenes.csv","","",""
"fontless","291","resource-0291-scenes.csv","","",""
"fontless","293","resource-0293-scenes.csv","","",""
"fontless","295","resource-0295-scenes.csv","","",""
"fontless","299","resource-0299-scenes.csv","","",""
"fontless","301","resource-0301-scenes.csv","","",""
"fontless","305","resource-0305-scenes.csv","","",""
"fontless","307","resource-0307-scenes.csv","","",""
"fontless","309","resource-0309-scenes.csv","","",""
"fontless","311","resource-0311-scenes.csv","","",""
"fontless","315","resource-0315-scenes.csv","","",""
"fontless","317","resource-0317-scenes.csv","","",""
"fontless","321","resource-0321-scenes.csv","","",""
"fontless","323","resource-0323-scenes.csv","","",""
"fontless","325","resource-0325-scenes.csv","","",""
"fontless","327","resource-0327-scenes.csv","","",""
"fontless","333","resource-0333-scenes.csv","","",""
"fontless","335","resource-0335-scenes.csv","","",""
"fontless","343","resource-0343-scenes.csv","","",""
"fontless","345","resource-0345-scenes.csv","","",""
"fontless","347","resource-0347-scenes.csv","","",""
"fontless","349","resource-0349-scenes.csv","","",""
"fontless","351","resource-0351-scenes.csv","","",""
"fontless","353","resource-0353-scenes.csv","","",""
"fontless","359","resource-0359-scenes.csv","","",""
"fontless","363","resource-0363-scenes.csv","","",""
"fontless","365","resource-0365-scenes.csv","","",""
"fontless","367","resource-0367-scenes.csv","","",""
"fontless","369","resource-0369-scenes.csv","","",""
"fontless","375","resource-0375-scenes.csv","","",""
"fontless","377","resource-0377-scenes.csv","","",""
"fontless","379","resource-0379-scenes.csv","","",""
"fontless","381","resource-0381-scenes.csv","","",""
"fontless","387","resource-0387-scenes.csv","","",""
"fontless","397","resource-0397-scenes.csv","","",""
"fontless","405","resource-0405-scenes.csv","","",""
"fontless","407","resource-0407-scenes.csv","","",""
"fontless","411","resource-0411-scenes.csv","","",""
"fontless","413","resource-0413-scenes.csv","","",""
"fontless","415","resource-0415-scenes.csv","","",""
"fontless","417","resource-0417-scenes.csv","","",""
"fontless","421","resource-0421-scenes.csv","","",""
"fontless","425","resource-0425-scenes.csv","","",""
"fontless","427","resource-0427-scenes.csv","","",""
"fontless","429","resource-0429-scenes.csv","","",""
"fontless","431","resource-0431-scenes.csv","","",""
"fontless","433","resource-0433-scenes.csv","","",""
"fontless","435","resource-0435-scenes.csv","","",""
"fontless","439","resource-0439-scenes.csv","","",""
"fontless","441","resource-0441-scenes.csv","","",""
"fontless","443","resource-0443-scenes.csv","","",""
"fontless","449","resource-0449-scenes.csv","","",""
"fontless","451","resource-0451-scenes.csv","","",""
"fontless","453","resource-0453-scenes.csv","","",""
"fontless","455","resource-0455-scenes.csv","","",""
"fontless","457","resource-0457-scenes.csv","","",""
"fontless","459","resource-0459-scenes.csv","","",""
"fontless","461","resource-0461-scenes.csv","","",""
"fontless","463","resource-0463-scenes.csv","","",""
"fontless","465","resource-0465-scenes.csv","","",""
"fontless","467","resource-0467-scenes.csv","","",""
"fontless","469","resource-0469-scenes.csv","","",""
"fontless","471","resource-0471-scenes.csv","","",""
"fontless","473","resource-0473-scenes.csv","","",""
"fontless","475","resource-0475-scenes.csv","","",""
"fontless","477","resource-0477-scenes.csv","","",""
"fontless","479","resource-0479-scenes.csv","","",""
"fontless","481","resource-0481-scenes.csv","","",""
"fontless","483","resource-0483-scenes.csv","","",""
"fontless","485","resource-0485-scenes.csv","","",""
"fontless","487","resource-0487-scenes.csv","","",""
"fontless","489","resource-0489-scenes.csv","","",""
"fontless","491","resource-0491-scenes.csv","","",""
"fontless","493","resource-0493-scenes.csv","","",""
"fontless","495","resource-0495-scenes.csv","","",""
"fontless","497","resource-0497-scenes.csv","","",""
"fontless","499","resource-0499-scenes.csv","","",""
"fontless","501","resource-0501-scenes.csv","","",""
"fontless","503","resource-0503-scenes.csv","","",""
"fontless","505","resource-0505-scenes.csv","","",""
"fontless","507","resource-0507-scenes.csv","","",""
"fontless","509","resource-0509-scenes.csv","","",""
"fontless","511","resource-0511-scenes.csv","","",""
"fontless","513","resource-0513-scenes.csv","","",""
"fontless","515","resource-0515-scenes.csv","","",""
"fontless","517","resource-0517-scenes.csv","","",""
"fontless","519","resource-0519-scenes.csv","","",""
"fontless","521","resource-0521-scenes.csv","","",""
"fontless","523","resource-0523-scenes.csv","","",""
"fontless","525","resource-0525-scenes.csv","","",""
"fontless","527","resource-0527-scenes.csv","","",""
"fontless","529","resource-0529-scenes.csv","","",""
"fontless","531","resource-0531-scenes.csv","","",""
"fontless","533","resource-0533-scenes.csv","","",""
"fontless","535","resource-0535-scenes.csv","","",""
"fontless","537","resource-0537-scenes.csv","","",""
"fontless","539","resource-0539-scenes.csv","","",""
"fontless","541","resource-0541-scenes.csv","","",""
"fontless","543","resource-0543-scenes.csv","","",""
"fontless","545","resource-0545-scenes.csv","","",""
"fontless","547","resource-0547-scenes.csv","","",""
"fontless","549","resource-0549-scenes.csv","","",""
"fontless","551","resource-0551-scenes.csv","","",""
"fontless","553","resource-0553-scenes.csv","","",""
"fontless","555","resource-0555-scenes.csv","","",""
"fontless","559","resource-0559-scenes.csv","","",""
"fontless","561","resource-0561-scenes.csv","","",""
"fontless","563","resource-0563-scenes.csv","","",""
"fontless","567","resource-0567-scenes.csv","","",""
"fontless","569","resource-0569-scenes.csv","","",""
"fontless","573","resource-0573-scenes.csv","","",""
"fontless","575","resource-0575-scenes.csv","","",""
"fontless","577","resource-0577-scenes.csv","","",""
"fontless","581","resource-0581-scenes.csv","","",""
"fontless","583","resource-0583-scenes.csv","","",""
"fontless","585","resource-0585-scenes.csv","","",""
"fontless","587","resource-0587-scenes.csv","","",""
"fontless","591","resource-0591-scenes.csv","","",""
"fontless","593","resource-0593-scenes.csv","","",""
"fontless","595","resource-0595-scenes.csv","","",""
"fontless","597","resource-0597-scenes.csv","","",""
"fontless","603","resource-0603-scenes.csv","","",""
"fontless","607","resource-0607-scenes.csv","","",""
"fontless","609","resource-0609-scenes.csv","","",""
"fontless","611","resource-0611-scenes.csv","","",""
"fontless","613","resource-0613-scenes.csv","","",""
"fontless","615","resource-0615-scenes.csv","","",""
"fontless","617","resource-0617-scenes.csv","","",""
"fontless","619","resource-0619-scenes.csv","","",""
"fontless","621","resource-0621-scenes.csv","","",""
"fontless","623","resource-0623-scenes.csv","","",""
"fontless","625","resource-0625-scenes.csv","","",""
"fontless","627","resource-0627-scenes.csv","","",""
"fontless","629","resource-0629-scenes.csv","","",""
"fontless","631","resource-0631-scenes.csv","","",""
"fontless","633","resource-0633-scenes.csv","","",""
"fontless","635","resource-0635-scenes.csv","","",""
"fontless","637","resource-0637-scenes.csv","","",""
"fontless","639","resource-0639-scenes.csv","","",""
"fontless","871","resource-0871-scenes.csv","","",""
"fontless","873","resource-0873-scenes.csv","","",""
"fontless","875","resource-0875-scenes.csv","","",""
"fontless","877","resource-0877-scenes.csv","","",""
"fontless","879","resource-0879-scenes.csv","","",""
"fontless","881","resource-0881-scenes.csv","","",""
"fontless","883","resource-0883-scenes.csv","","",""
"fontless","885","resource-0885-scenes.csv","","",""
"fontless","887","resource-0887-scenes.csv","","",""
"fontless","889","resource-0889-scenes.csv","","",""
"fontless","891","resource-0891-scenes.csv","","",""
"fontless","893","resource-0893-scenes.csv","","",""
"fontless","895","resource-0895-scenes.csv","","",""
"fontless","897","resource-0897-scenes.csv","","",""
"fontless","899","resource-0899-scenes.csv","","",""
"fontless","931","resource-0931-scenes.csv","","",""
"fontless","961","resource-0961-scenes.csv","","",""
"fontless","963","resource-0963-scenes.csv","","",""
"fontless","965","resource-0965-scenes.csv","","",""
"fontless","967","resource-0967-scenes.csv","","",""
"fontless","969","resource-0969-scenes.csv","","",""
"fontless","971","resource-0971-scenes.csv","","",""
"fontless","973","resource-0973-scenes.csv","","",""
"fontless","975","resource-0975-scenes.csv","","",""
"fontless","977","resource-0977-scenes.csv","","",""
"fontless","979","resource-0979-scenes.csv","","",""
"fontless","981","resource-0981-scenes.csv","","",""
"fontless","983","resource-0983-scenes.csv","","",""
"fontless","985","resource-0985-scenes.csv","","",""
"fontless","987","resource-0987-scenes.csv","","",""
"fontless","989","resource-0989-scenes.csv","","",""
"fontless","991","resource-0991-scenes.csv","","",""
"fontless","993","resource-0993-scenes.csv","","",""
"fontless","995","resource-0995-scenes.csv","","",""
"fontless","997","resource-0997-scenes.csv","","",""
"fontless","999","resource-0999-scenes.csv","","",""
"fontless","1001","resource-1001-scenes.csv","","",""
"fontless","1003","resource-1003-scenes.csv","","",""
"fontless","1005","resource-1005-scenes.csv","","",""
"fontless","1007","resource-1007-scenes.csv","","",""
"fontless","1009","resource-1009-scenes.csv","","",""
"fontless","1011","resource-1011-scenes.csv","","",""
"fontless","1013","resource-1013-scenes.csv","","",""
"fontless","1017","resource-1017-scenes.csv","","",""
"fontless","1019","resource-1019-scenes.csv","","",""
"fontless","1021","resource-1021-scenes.csv","","",""
"fontless","1023","resource-1023-scenes.csv","","",""
"fontless","1025","resource-1025-scenes.csv","","",""
"fontless","1027","resource-1027-scenes.csv","","",""
"fontless","1029","resource-1029-scenes.csv","","",""
"fontless","1031","resource-1031-scenes.csv","","",""
"fontless","1033","resource-1033-scenes.csv","","",""
"fontless","1035","resource-1035-scenes.csv","","",""
"fontless","1037","resource-1037-scenes.csv","","",""
"fontless","1041","resource-1041-scenes.csv","","",""
"fontless","1043","resource-1043-scenes.csv","","",""
"fontless","1045","resource-1045-scenes.csv","","",""
"fontless","1047","resource-1047-scenes.csv","","",""
"fontless","1049","resource-1049-scenes.csv","","",""
"fontless","1053","resource-1053-scenes.csv","","",""
"fontless","1057","resource-1057-scenes.csv","","",""
"fontless","1059","resource-1059-scenes.csv","","",""
"fontless","1061","resource-1061-scenes.csv","","",""
"fontless","1065","resource-1065-scenes.csv","","",""
"fontless","1069","resource-1069-scenes.csv","","",""
"fontless","1071","resource-1071-scenes.csv","","",""
"fontless","1073","resource-1073-scenes.csv","","",""
"fontless","1075","resource-1075-scenes.csv","","",""
"fontless","1077","resource-1077-scenes.csv","","",""
"fontless","1079","resource-1079-scenes.csv","","",""
"fontless","1081","resource-1081-scenes.csv","","",""
"fontless","1085","resource-1085-scenes.csv","","",""
"fontless","1087","resource-1087-scenes.csv","","",""
"fontless","1091","resource-1091-scenes.csv","","",""
"fontless","1093","resource-1093-scenes.csv","","",""
"fontless","1097","resource-1097-scenes.csv","","",""
"fontless","1099","resource-1099-scenes.csv","","",""
"fontless","1101","resource-1101-scenes.csv","","",""
"fontless","1103","resource-1103-scenes.csv","","",""
"fontless","1105","resource-1105-scenes.csv","","",""
"fontless","1109","resource-1109-scenes.csv","","",""
"fontless","1111","resource-1111-scenes.csv","","",""
"fontless","1113","resource-1113-scenes.csv","","",""
"fontless","1115","resource-1115-scenes.csv","","",""
"fontless","1117","resource-1117-scenes.csv","","",""
"fontless","1119","resource-1119-scenes.csv","","",""
"fontless","1121","resource-1121-scenes.csv","","",""
"fontless","1123","resource-1123-scenes.csv","","",""
"fontless","1125","resource-1125-scenes.csv","","",""
"fontless","1127","resource-1127-scenes.csv","","",""
"fontless","1129","resource-1129-scenes.csv","","",""
"fontless","1131","resource-1131-scenes.csv","","",""
"fontless","1133","resource-1133-scenes.csv","","",""
"fontless","1135","resource-1135-scenes.csv","","",""
"fontless","1137","resource-1137-scenes.csv","","",""
"fontless","1139","resource-1139-scenes.csv","","",""
"fontless","1141","resource-1141-scenes.csv","","",""
"fontless","1143","resource-1143-scenes.csv","","",""
"fontless","1145","resource-1145-scenes.csv","","",""
"fontless","1151","resource-1151-scenes.csv","","",""
"fontless","1153","resource-1153-scenes.csv","","",""
"fontless","1157","resource-1157-scenes.csv","","",""
"fontless","1161","resource-1161-scenes.csv","","",""
"fontless","1163","resource-1163-scenes.csv","","",""
"fontless","1165","resource-1165-scenes.csv","","",""
"fontless","1171","resource-1171-scenes.csv","","",""
"fontless","1173","resource-1173-scenes.csv","","",""
"fontless","1175","resource-1175-scenes.csv","","",""
"fontless","1177","resource-1177-scenes.csv","","",""
"fontless","1181","resource-1181-scenes.csv","","",""
"fontless","1185","resource-1185-scenes.csv","","",""
"fontless","1187","resource-1187-scenes.csv","","",""
"fontless","1189","resource-1189-scenes.csv","","",""
"fontless","1193","resource-1193-scenes.csv","","",""
"container","10","container-0010.csv","shared-font-glyphs","",""
"container","24","container-0024.csv","shared-font-glyphs","",""
"container","25","container-0024.csv","shared-font-glyphs","",""
"container","31","container-0031.csv","","","10"
"container","328","container-0328.csv","shared-font-glyphs","",""
"container","330","container-0330.csv","shared-font-glyphs","",""
"container","338","container-0338.csv","shared-font-glyphs","",""
"container","340","container-0340.csv","shared-font-glyphs","",""
"container","342","container-0342.csv","shared-font-glyphs","",""
"container","346","container-0346.csv","shared-font-glyphs","",""
"container","348","container-0348.csv","shared-font-glyphs","",""
"container","354","container-0354.csv","shared-font-glyphs","",""
"container","372","container-0372.csv","shared-font-glyphs","",""
"container","382","container-0382.csv","shared-font-glyphs","",""
"container","388","container-0388.csv","shared-font-glyphs","",""
"container","641","container-0641.csv","shared-font-glyphs","",""
"container","642","container-0642.csv","shared-font-glyphs","",""
"container","643","container-0643.csv","shared-font-glyphs","",""
"container","644","container-0644.csv","shared-font-glyphs","",""
"container","645","container-0645.csv","shared-font-glyphs","",""
"container","646","container-0646.csv","shared-font-glyphs","",""
"container","647","container-0647.csv","shared-font-glyphs","",""
"container","648","container-0648.csv","shared-font-glyphs","",""
"container","649","container-0649.csv","shared-font-glyphs","",""
"container","650","container-0650.csv","shared-font-glyphs","",""
"container","651","container-0651.csv","shared-font-glyphs","",""
"container","652","container-0652.csv","shared-font-glyphs","",""
"container","766","container-0766.csv","shared-font-glyphs","",""
"container","767","container-0767.csv","shared-font-glyphs","",""
"container","768","container-0768.csv","shared-font-glyphs","",""
"container","769","container-0769.csv","shared-font-glyphs","",""
"container","770","container-0770.csv","shared-font-glyphs","",""
"container","771","container-0771.csv","shared-font-glyphs","",""
"container","772","container-0772.csv","shared-font-glyphs","",""
"container","773","container-0773.csv","shared-font-glyphs","",""
"container","774","container-0774.csv","shared-font-glyphs","",""
"container","775","container-0775.csv","shared-font-glyphs","",""
"container","776","container-0776.csv","shared-font-glyphs","",""
"container","777","container-0777.csv","shared-font-glyphs","",""
"container","778","container-0778.csv","shared-font-glyphs","",""
"container","779","container-0779.csv","shared-font-glyphs","",""
"container","780","container-0780.csv","shared-font-glyphs","",""
"container","781","container-0781.csv","shared-font-glyphs","",""
"container","782","container-0782.csv","shared-font-glyphs","",""
"container","783","container-0783.csv","shared-font-glyphs","",""
"container","784","container-0784.csv","shared-font-glyphs","",""
"container","785","container-0785.csv","shared-font-glyphs","",""
"container","786","container-0786.csv","shared-font-glyphs","",""
"container","787","container-0787.csv","shared-font-glyphs","",""
"container","788","container-0788.csv","shared-font-glyphs","",""
"container","789","container-0789.csv","shared-font-glyphs","",""
"container","790","container-0790.csv","shared-font-glyphs","",""
"container","791","container-0791.csv","shared-font-glyphs","",""
"container","792","container-0792.csv","shared-font-glyphs","",""
"container","793","container-0793.csv","shared-font-glyphs","",""
"container","794","container-0794.csv","shared-font-glyphs","",""
"container","795","container-0795.csv","shared-font-glyphs","",""
"container","796","container-0796.csv","shared-font-glyphs","",""
"container","797","container-0797.csv","shared-font-glyphs","",""
"container","798","container-0798.csv","shared-font-glyphs","",""
"container","799","container-0799.csv","shared-font-glyphs","",""
"container","800","container-0800.csv","shared-font-glyphs","",""
"container","801","container-0801.csv","shared-font-glyphs","",""
"container","802","container-0802.csv","shared-font-glyphs","",""
"container","803","container-0803.csv","shared-font-glyphs","",""
"container","804","container-0804.csv","shared-font-glyphs","",""
"container","805","container-0805.csv","shared-font-glyphs","",""
"container","806","container-0806.csv","shared-font-glyphs","",""
"container","807","container-0807.csv","shared-font-glyphs","",""
"container","808","container-0808.csv","shared-font-glyphs","",""
"container","809","container-0809.csv","shared-font-glyphs","",""
"container","810","container-0810.csv","shared-font-glyphs","",""
"container","811","container-0811.csv","shared-font-glyphs","",""
"container","812","container-0812.csv","shared-font-glyphs","",""
"container","813","container-0813.csv","shared-font-glyphs","",""
"container","814","container-0814.csv","shared-font-glyphs","",""
"container","815","container-0815.csv","shared-font-glyphs","",""
"container","816","container-0816.csv","shared-font-glyphs","",""
"container","817","container-0817.csv","shared-font-glyphs","",""
"container","818","container-0818.csv","shared-font-glyphs","",""
"container","819","container-0819.csv","shared-font-glyphs","",""
"container","820","container-0820.csv","shared-font-glyphs","",""
"container","821","container-0821.csv","shared-font-glyphs","",""
"container","822","container-0822.csv","shared-font-glyphs","",""
"container","823","container-0823.csv","shared-font-glyphs","",""
"container","824","container-0824.csv","shared-font-glyphs","",""
"container","825","container-0825.csv","shared-font-glyphs","",""
"container","826","container-0826.csv","shared-font-glyphs","",""
"container","827","container-0827.csv","shared-font-glyphs","",""
"container","828","container-0828.csv","shared-font-glyphs","",""
"container","829","container-0829.csv","shared-font-glyphs","",""
"container","830","container-0830.csv","shared-font-glyphs","",""
"container","831","container-0831.csv","shared-font-glyphs","",""
"container","832","container-0832.csv","shared-font-glyphs","",""
"container","833","container-0833.csv","shared-font-glyphs","",""
"container","834","container-0834.csv","shared-font-glyphs","",""
"container","835","container-0835.csv","shared-font-glyphs","",""
"container","836","container-0836.csv","shared-font-glyphs","",""
"container","837","container-0837.csv","shared-font-glyphs","",""
"container","838","container-0838.csv","shared-font-glyphs","",""
"container","839","container-0839.csv","shared-font-glyphs","",""
"container","840","container-0840.csv","shared-font-glyphs","",""
"container","841","container-0841.csv","shared-font-glyphs","",""
"container","842","container-0842.csv","shared-font-glyphs","",""
"container","843","container-0843.csv","shared-font-glyphs","",""
"container","844","container-0844.csv","shared-font-glyphs","",""
"container","845","container-0845.csv","shared-font-glyphs","",""
"container","846","container-0846.csv","shared-font-glyphs","",""
"container","847","container-0847.csv","shared-font-glyphs","",""
"container","848","container-0848.csv","shared-font-glyphs","",""
"container","849","container-0849.csv","shared-font-glyphs","",""
"container","850","container-0850.csv","shared-font-glyphs","",""
"container","851","container-0851.csv","shared-font-glyphs","",""
"container","852","container-0852.csv","shared-font-glyphs","",""
"container","853","container-0853.csv","shared-font-glyphs","",""
"container","854","container-0854.csv","shared-font-glyphs","",""
"container","866","container-0866.csv","shared-font-glyphs","",""
"container","868","container-0024.csv","shared-font-glyphs","",""
"container","869","container-0024.csv","shared-font-glyphs","",""
"container","1480","container-0024.csv","shared-font-glyphs","",""
"container","1481","container-0024.csv","shared-font-glyphs","",""
"container","1781","container-1781.csv","shared-font-glyphs","",""
"scene","33","resource-0033-scenes.csv","","yes",""
"scene","35","resource-0035-scenes.csv","","yes",""
"scene","37","resource-0037-scenes.csv","","yes",""
"scene","39","resource-0039-scenes.csv","","yes",""
"scene","41","resource-0041-scenes.csv","","yes",""
"scene","43","resource-0043-scenes.csv","","yes",""
"scene","45","resource-0045-scenes.csv","","yes",""
"scene","47","resource-0047-scenes.csv","","yes",""
"scene","49","resource-0049-scenes.csv","","yes",""
"scene","51","resource-0051-scenes.csv","","yes",""
"scene","53","resource-0053-scenes.csv","","yes",""
"scene","55","resource-0055-scenes.csv","","yes",""
"scene","57","resource-0057-scenes.csv","","yes",""
"scene","59","resource-0059-scenes.csv","","yes",""
"scene","61","resource-0061-scenes.csv","","yes",""
"scene","63","resource-0063-scenes.csv","","yes",""
"scene","65","resource-0065-scenes.csv","","yes",""
"scene","67","resource-0067-scenes.csv","","yes",""
"scene","69","resource-0069-scenes.csv","","yes",""
"scene","71","resource-0071-scenes.csv","","yes",""
"scene","73","resource-0073-scenes.csv","","yes",""
"scene","75","resource-0075-scenes.csv","","yes",""
"scene","77","resource-0077-scenes.csv","","yes",""
"scene","79","resource-0079-scenes.csv","","yes",""
"scene","81","resource-0081-scenes.csv","","yes",""
"scene","83","resource-0083-scenes.csv","","yes",""
"scene","85","resource-0085-scenes.csv","","yes",""
"scene","87","resource-0087-scenes.csv","","yes",""
"scene","89","resource-0089-scenes.csv","","yes",""
"scene","91","resource-0091-scenes.csv","","yes",""
"scene","95","resource-0095-scenes.csv","","yes",""
"scene","97","resource-0097-scenes.csv","","yes",""
"scene","99","resource-0099-scenes.csv","","yes",""
"scene","101","resource-0101-scenes.csv","","yes",""
"scene","103","resource-0103-scenes.csv","","yes",""
"scene","105","resource-0105-scenes.csv","","yes",""
"scene","107","resource-0107-scenes.csv","","yes",""
"scene","109","resource-0109-scenes.csv","","yes",""
"scene","111","resource-0111-scenes.csv","","yes",""
"scene","113","resource-0113-scenes.csv","","yes",""
"scene","115","resource-0115-scenes.csv","","yes",""
"scene","117","resource-0117-scenes.csv","","yes",""
"scene","119","resource-0119-scenes.csv","","yes",""
"scene","121","resource-0121-scenes.csv","","yes",""
"scene","123","resource-0123-scenes.csv","","yes",""
"scene","127","resource-0127-scenes.csv","","yes",""
"scene","129","resource-0129-scenes.csv","","yes",""
"scene","131","resource-0131-scenes.csv","","yes",""
"scene","133","resource-0133-scenes.csv","","yes",""
"scene","135","resource-0135-scenes.csv","","yes",""
"scene","137","resource-0137-scenes.csv","","yes",""
"scene","139","resource-0139-scenes.csv","","yes",""
"scene","141","resource-0141-scenes.csv","","yes",""
"scene","143","resource-0143-scenes.csv","","yes",""
"scene","161","resource-0161-scenes.csv","","yes",""
"scene","163","resource-0163-scenes.csv","","yes",""
"scene","167","resource-0167-scenes.csv","","yes",""
"scene","173","resource-0173-scenes.csv","","yes",""
"scene","185","resource-0185-scenes.csv","","yes",""
"scene","189","resource-0189-scenes.csv","","yes",""
"scene","193","resource-0193-scenes.csv","","yes",""
"scene","197","resource-0197-scenes.csv","","yes",""
"scene","209","resource-0209-scenes.csv","","yes",""
"scene","219","resource-0219-scenes.csv","","yes",""
"scene","233","resource-0233-scenes.csv","","yes",""
"scene","243","resource-0243-scenes.csv","","yes",""
"scene","245","resource-0245-scenes.csv","","yes",""
"scene","253","resource-0253-scenes.csv","","yes",""
"scene","263","resource-0263-scenes.csv","","yes",""
"scene","265","resource-0265-scenes.csv","","yes",""
"scene","273","resource-0273-scenes.csv","","yes",""
"scene","283","resource-0283-scenes.csv","","yes",""
"scene","297","resource-0297-scenes.csv","","yes",""
"scene","303","resource-0303-scenes.csv","","yes",""
"scene","313","resource-0313-scenes.csv","","yes",""
"scene","329","resource-0329-scenes.csv","","yes",""
"scene","331","resource-0331-scenes.csv","","yes",""
"scene","337","resource-0337-scenes.csv","","yes",""
"scene","339","resource-0339-scenes.csv","","yes",""
"scene","341","resource-0341-scenes.csv","","yes",""
"scene","355","resource-0355-scenes.csv","","yes",""
"scene","357","resource-0357-scenes.csv","","yes",""
"scene","361","resource-0361-scenes.csv","","yes",""
"scene","371","resource-0371-scenes.csv","","yes",""
"scene","373","resource-0373-scenes.csv","","yes",""
"scene","383","resource-0383-scenes.csv","","yes",""
"scene","385","resource-0385-scenes.csv","","yes",""
"scene","389","resource-0389-scenes.csv","","yes",""
"scene","391","resource-0391-scenes.csv","","yes",""
"scene","393","resource-0393-scenes.csv","","yes",""
"scene","395","resource-0395-scenes.csv","","yes",""
"scene","399","resource-0399-scenes.csv","","yes",""
"scene","401","resource-0401-scenes.csv","full-font","yes",""
"scene","403","resource-0403-scenes.csv","","yes",""
"scene","409","resource-0409-scenes.csv","","yes",""
"scene","419","resource-0419-scenes.csv","","yes",""
"scene","423","resource-0423-scenes.csv","","yes",""
"scene","437","resource-0437-scenes.csv","","yes",""
"scene","445","resource-0445-scenes.csv","","yes",""
"scene","557","resource-0557-scenes.csv","","yes",""
"scene","565","resource-0565-scenes.csv","","yes",""
"scene","571","resource-0571-scenes.csv","","yes",""
"scene","589","resource-0589-scenes.csv","","yes",""
"scene","599","resource-0599-scenes.csv","","yes",""
"scene","601","resource-0601-scenes.csv","","yes",""
"scene","605","resource-0605-scenes.csv","","yes",""
"scene","901","resource-0901-scenes.csv","","yes",""
"scene","1015","resource-1015-scenes.csv","","yes",""
"scene","1039","resource-1039-scenes.csv","","yes",""
"scene","1051","resource-1051-scenes.csv","","yes",""
"scene","1055","resource-1055-scenes.csv","","yes",""
"scene","1063","resource-1063-scenes.csv","","yes",""
"scene","1067","resource-1067-scenes.csv","","yes",""
"scene","1083","resource-1083-scenes.csv","","yes",""
"scene","1089","resource-1089-scenes.csv","","yes",""
"scene","1095","resource-1095-scenes.csv","","yes",""
"scene","1107","resource-1107-scenes.csv","","yes",""
"scene","1147","resource-1147-scenes.csv","","yes",""
"scene","1149","resource-1149-scenes.csv","","yes",""
"scene","1155","resource-1155-scenes.csv","","yes",""
"scene","1159","resource-1159-scenes.csv","","yes",""
"scene","1167","resource-1167-scenes.csv","","yes",""
"scene","1169","resource-1169-scenes.csv","","yes",""
"scene","1183","resource-1183-scenes.csv","","yes",""
"scene","1191","resource-1191-scenes.csv","","yes",""
